:020000041FC01B
:10110000B248400B0000007000000070000000704A
:10111000000000700000007000000070000000700F
:1011200000000070000000700000007000000070FF
:1011300000000070000000700000007000000070EF
:1011400000000070000000700000007000000070DF
:1011500000000070000000700000007000000070CF
:1011600000000070000000700000007000000070BF
:1011700000000070000000700000007000000070AF
:101180000549400B00000070B848400B000000709B
:10119000C64A400B00000070134B400B000000706B
:1011A0007A4A400B00000070014A400B00000070BA
:1011B0004D4A400B00000070A647400B0000007035
:1011C0007947400B00000070D347400B00000070CF
:1011D0008E48400B000000701A48400B0000007061
:1011E0000048400B000000700B49400B00000070ED
:10038000019D1E3CEC27DE370800C0030000007012
:020000041D01DC
:10242C007153400F000000701053400F00000070FB
:10243C00143F400FB4FFBD270000A0A7413E400F42
:10244C000AC80000413E400F01001934413E400FC4
:10245C00020019340000A387140002340600621035
:10246C00000000700000A287030040100000007004
:10247C00A049400B000000702945400F000000707F
:10248C007549400B2026027CA049400B00000070CF
:10249C00CB40400F00000070B142400F20CE027CB8
:1024AC00CF40400F000000700241400F0AC80000EE
:1024BC00A049400B000000703033400F000000704A
:1024CC000B0040104800A2A7D440400F1F00193445
:1024DC00943F400F4800B9872738400F0000007028
:1024EC00CF40400F000000704749400B00000070C7
:1024FC00903F400F00000070050040140000007079
:10250C000241400F0AC800008C3F400F6300193491
:10251C00A049400B00000070903F400F000000707D
:10252C000241400F20CE027CCF40400F00000070D3
:10253C00A049400B00000070A640400F0100193468
:10254C00CF40400F00000070A049400B000000700D
:10255C00903F400F000000700241400F20CE027CE3
:10256C00CF40400F00000070A049400B00000070ED
:10257C009942400F01001934CF40400F0000007009
:10258C00A049400B0000007000A01E3C8C46400F80
:10259C000E29D987CF40400F00000070A049400B96
:1025AC0000000070943F400F1F0019342016027C6D
:1025BC000300401400000070CF40400F000000707A
:1025CC00A049400B000000702016047CAEFF4010A8
:1025DC0000000070201E047C02000234ACFF62106C
:1025EC0000000070201E047C04000234B2FF621054
:1025FC0000000070201E047C08000234C6FF62102C
:10260C0000000070201E047C10000234C2FF621017
:10261C0000000070201E047C20000234C6FF6210F3
:10262C0000000070201E047C40000234C8FF6210C1
:10263C0000000070201E047C80000234C4FF621075
:10264C0000000070201E047C00010234C8FF6210E0
:10265C0000000070201E047C00020234CAFF6210CD
:10266C0000000070201E047C00040234CDFF6210B8
:10267C00000000708F46400F000000701D47400F97
:10268C0000000070228F22840700401000000070B0
:10269C00349022904000427C0300401400000070F3
:1026AC00D949400B00000070369022842A00401457
:1026BC000000007001000234228F22A4349022907A
:1026CC004408027C349022A086BF1E3C3100C28399
:1026DC004408027C86BF1E3C3100C2A30241400F5D
:1026EC000000B9872501400F010019340300401088
:1026FC0000000070BC49400B000000700200B727BE
:10270C004600F626019D183C2145400FEC46183733
:10271C000200A32700A01E3CA831C28FE8FFBD27F2
:10272C001400A2AF00A01E3C6431C28F1000A2AFF7
:10273C0000A01E3C2031C28F0C00A2AF3690228428
:10274C000800A2A7228F22840400A2A71F3B400FDF
:10275C000000A3AF1800BD27369022840100422848
:10276C000500401400000070228F228402004010EB
:10277C0000000070228F20A4B846400F00000070AB
:10278C000000A2A7289022900219020086BF1E3CCE
:10279C003004C283C439627C86BF1E3C3004C2A3A1
:1027AC001C8D22940B00422C07004010000000707E
:1027BC001C8D3A940A0019342C903E8C09F8C003F5
:1027CC00000000701C8D22A40100023480BF1E3C4E
:1027DC001249400B0808C2AFF949400B00000070C9
:020000041D00DD
:10FC5000FCFFBD270000BFAF693A400F00000070F5
:10FC60009C45033C004063349C45023C00404234C8
:10FC7000006883443D2E400F00608244AA30400F4C
:10FC800000000070D331400F000000709231400F2F
:10FC900000000070AE30400F000000701C8D20A4EA
:0CFCA0000000BF8F0800E0030400BD2737
:10E9A400F0FFBD270000BFAF0400B9AF0800BAAF45
:10E9B4000C00BBAF00607E4199AA023C556642340C
:10E9C40080BF1E3C3000C2AF6655023CAA99423457
:10E9D40080BF1E3C3000C2AF80BF1E3C0200C29309
:10E9E4000100423480BF1E3C0200C2A33333023C08
:10E9F4003333423480BF1E3C3000C2AF80BF1E3C64
:10EA04000000C283C418027C80BF1E3C0000C2A365
:10EA14006500183CAAB91837FFFF1827FEFF001736
:10EA24000000007086BF1E3C0000C0AF86BF1E3CC5
:10EA34001000C0AF86BF1E3C0001C0AF86BF1E3CA5
:10EA44001001C0AF86BF1E3C0002C0AF86BF1E3C93
:10EA54001002C0AF86BF1E3C0003C0AF86BF1E3C81
:10EA64001003C0AF86BF1E3C0004C0AF86BF1E3C6F
:10EA74001004C0AF86BF1E3C0006C0AF86BF1E3C5C
:10EA84001006C0AF86BF1E3C5001C0AF86BF1E3CFF
:10EA94005005C0AF86BF1E3C1004C283C439027C3B
:10EAA40086BF1E3C1004C2A386BF1E3C1100C28355
:10EAB4004408027C86BF1E3C1100C2A386BF1E3CD4
:10EAC4001002C2830800423486BF1E3C1002C2A357
:10EAD40086BF1E3C1001C2830100423486BF1E3C27
:10EAE4001001C2A38000023486BF1E3C1806C2A3D4
:10EAF4000100023486BF1E3CA222400F1906C2A3A5
:10EB04008222400F0000007002001B340AD0000073
:10EB14007421400F3D00193420001B3401001A34C5
:10EB24007421400F2D00193401001B340AD0000059
:10EB34007421400F0D00193413001B3401001A34E2
:10EB44007421400F120019340AD800000AD00000C2
:10EB54007421400F050019340AD800000AD00000BF
:10EB64007421400F060019340B001B340AD0000036
:10EB74007421400F240019340B001B340AD0000008
:10EB84007421400F360019340C001B340AD00000E5
:10EB94007421400F140019340B001B340AD00000F8
:10EBA4007421400F040019340C001B340AD00000F7
:10EBB4007421400F0C0019340C001B340AD00000DF
:10EBC4007421400F2600193427001B3401001A3425
:10EBD4007421400F3800193419001B3401001A3411
:10EBE4007421400F230019340E001B3401001A3421
:10EBF4007421400F150019342602400F00000070E4
:10EC04005321400F000000704E23400F000000709D
:10EC14008D27400F000000707A1D400F0000007027
:10EC2400BE1C400F0000007000A0193CAD1A400F3C
:10EC340000313937A21A400F000000709A1A400FB1
:10EC440000000070811C400F0000007020607E41B5
:10EC5400E42A400F0AC80000E42A400F01001934D6
:10EC64000C00BB8F0800BA8F0400B98F0000BF8F5F
:08EC74000800E0031000BD27B9
:108A880000607E410014023481BF1E3C0800C2AF62
:108A980099AA023C5566423480BF1E3C3000C2AFE2
:108AA8006655023CAA99423480BF1E3C3000C2AFD2
:108AB8000100033480BF1E3C0013C2930430627C63
:108AC80080BF1E3C0013C2A30100023482BF1E3CBB
:108AD8000920C2A30200023482BF1E3C0920C2A39F
:108AE8000080023480BF1E3C1813C2BB80BF1E3CEE
:108AF8001B13C2AB80BF1E3C1113C293C000427C43
:108B08000300401400000070BF22400B00000070FA
:108B18000700033480BF1E3C1013C2930430627CEC
:108B280080BF1E3C1013C2A30080023480BF1E3CCD
:108B38002813C2BB80BF1E3C2B13C2AB80BF1E3C98
:108B48002113C293C000427C03004014000000704F
:108B5800D122400B000000700300033480BF1E3C8C
:108B68002013C2930430627C80BF1E3C2013C2A332
:108B78000080023480BF1E3C3813C2BB80BF1E3C3D
:108B88003B13C2AB80BF1E3C3113C293C000427C72
:108B98000300401400000070E322400B0000007046
:108BA8007F00023480BF1E3C3413C2A3008002340D
:108BB80080BF1E3C4813C2BB80BF1E3C4B13C2ABD8
:108BC80080BF1E3C4113C293C000427C0300401486
:108BD80000000070F222400B000000700100033416
:108BE80080BF1E3C4013C2930430627C80BF1E3C91
:108BF8004013C2A30080023480BF1E3C6813C2BB6E
:108C080080BF1E3C6B13C2AB80BF1E3C6113C29376
:108C1800C000427C03004014000000700423400B95
:108C2800000000707F00023480BF1E3C6413C2A3A2
:108C38000080023480BF1E3C7813C2BB80BF1E3C3C
:108C48007B13C2AB80BF1E3C7113C293C000427C31
:108C580003004014000000701323400B0000007054
:108C68000100033480BF1E3C7013C2930430627C41
:108C780080BF1E3C7013C2A30004023C8EBF1E3C82
:108C88000400C2AF300002348EBF1E3C0800C2A3ED
:108C9800040003348EBF1E3C0000C2930410627CA3
:108CA8008EBF1E3C0000C2A300801E400A10C003F5
:108CB8000A184000FFFF023CF8FF4234241062000B
:108CC800030042340AF0400000809E403333023CE7
:108CD8003333423480BF1E3C3000C2AF5476023C6E
:108CE8001032423481BF1E3C1000C2AF1000023463
:108CF8008EBF1E3C0800C2A3200002348EBF1E3C5B
:108D08000800C2A3010002348EBF1E3C0400C2A3A7
:108D1800020002348EBF1E3C0800C2A304000234C5
:108D28008EBF1E3C0400C2A30800E00300000070D0
:108A0800FCFFBD2781BF1E3C0000C38F81BF1E3CF9
:108A18000010C48F81BF1E3C0000C0AF81BF1E3C48
:108A28000010C0AF80BF1E3C3000C0AF99AA023C06
:108A38005566423480BF1E3C3000C2AF6655023CCA
:108A4800AA99423480BF1E3C3000C2AF80BF1E3C92
:108A58000100C2834429027C80BF1E3C0100C2A3DE
:108A680080BF1E3C3000C0AF81BF1E3C0000C3AFBA
:108A780081BF1E3C0010C4AF0800E0030400BD27FE
:1085D000F8FFBD270000BFAF0400BCAFA413400FDD
:1085E0000AE000000400BC8F0000BF8F0800E00319
:0485F0000800BD279B
:104E9000FCFFBD270000BFAFFF0022333E00422CC5
:104EA0000300401400000070BE18400B0A10000000
:104EB000FF0042337B0140140000007003008013A8
:104EC000000000708222400F00000070FF002233BB
:104ED0003E00422C6F01401000000070FF00623362
:104EE0001000422C69014010000000705614400B65
:104EF0000000007080BF1E3C2115400BC815DBA3CD
:104F000080BF1E3C2115400BA016DBA380BF1E3CBA
:104F10002115400B5016DBA380BF1E3C2115400B12
:104F2000E815DBA380BF1E3C2115400B4416DBA314
:104F300080BF1E3C2115400B6415DBA380BF1E3CC7
:104F40002115400B6815DBA380BF1E3C2115400BCB
:104F5000B815DBA380BF1E3C2115400B5415DBA305
:104F600080BF1E3C2115400B8415DBA380BF1E3C77
:104F70002115400BF815DBA380BF1E3C2115400B0B
:104F80008416DBA380BF1E3C2115400B3815DBA324
:104F900080BF1E3C2115400BCC15DBA380BF1E3CFF
:104FA0002115400B9C16DBA380BF1E3C2115400B36
:104FB0005416DBA380BF1E3C2115400BEC15DBA370
:104FC00080BF1E3C2115400B4016DBA380BF1E3C5A
:104FD0002115400B4415DBA380BF1E3C2115400B5F
:104FE0001416DBA380BF1E3C2115400BB415DBA3B8
:104FF00080BF1E3C2115400B4C15DBA380BF1E3C1F
:105000002115400B9015DBA380BF1E3C2115400BE2
:10501000FC15DBA380BF1E3C2115400B8016DBA3D3
:1050200080BF1E3C2115400B3C15DBA380BF1E3CFE
:105030002115400BE415DBA380BF1E3C2115400B5E
:105040009816DBA380BF1E3C2115400B6015DBA327
:1050500080BF1E3C2115400B7C15DBA380BF1E3C8E
:105060002115400BD015DBA380BF1E3C2115400B42
:105070004015DBA380BF1E3C2115400B0C16DBA3A3
:1050800080BF1E3C2115400B5C15DBA380BF1E3C7E
:105090002115400B7016DBA380BF1E3C2115400B71
:1050A000F015DBA380BF1E3C2115400B6016DBA36F
:1050B00080BF1E3C2115400B8C15DBA380BF1E3C1E
:1050C0002115400B2416DBA380BF1E3C2115400B8D
:1050D000C415DBA380BF1E3C2115400BA416DBA327
:1050E00080BF1E3C2115400B7815DBA380BF1E3C02
:1050F0002115400BC015DBA380BF1E3C2115400BC2
:105100005815DBA380BF1E3C2115400BD415DBA333
:1051100080BF1E3C2115400B4815DBA380BF1E3C01
:105120002115400B4C16DBA380BF1E3C2115400B04
:105130007416DBA380BF1E3C2115400B4816DBA371
:1051400080BF1E3C2115400B8815DBA380BF1E3C91
:105150002115400B2016DBA3FF00223365FF401012
:1051600000000070FF0023330100023464FF62106E
:1051700000000070FF0023330200023463FF62105E
:1051800000000070FF0023330300023462FF62104E
:1051900000000070FF0023330400023461FF62103E
:1051A00000000070FF0023330500023460FF62102E
:1051B00000000070FF002333060002345FFF62101E
:1051C00000000070FF002333070002345EFF62100E
:1051D00000000070FF002333080002345DFF6210FE
:1051E00000000070FF0023330A0002345CFF6210ED
:1051F00000000070FF0023330B0002345BFF6210DD
:1052000000000070FF0023330C0002345AFF6210CC
:1052100000000070FF0023330D00023459FF6210BC
:1052200000000070FF0023331000023458FF6210AA
:1052300000000070FF0023331100023457FF62109A
:1052400000000070FF0023331200023456FF62108A
:1052500000000070FF0023331300023455FF62107A
:1052600000000070FF0023331400023454FF62106A
:1052700000000070FF0023331500023453FF62105A
:1052800000000070FF0023331600023452FF62104A
:1052900000000070FF0023331700023451FF62103A
:1052A00000000070FF0023331800023450FF62102A
:1052B00000000070FF0023331A0002344FFF621019
:1052C00000000070FF0023331B0002344EFF621009
:1052D00000000070FF0023331C0002344DFF6210F9
:1052E00000000070FF0023331D0002344CFF6210E9
:1052F00000000070FF002333200002344BFF6210D7
:1053000000000070FF002333210002344AFF6210C6
:1053100000000070FF0023332200023449FF6210B6
:1053200000000070FF0023332300023448FF6210A6
:1053300000000070FF0023332400023447FF621096
:1053400000000070FF0023332500023446FF621086
:1053500000000070FF0023332600023445FF621076
:1053600000000070FF0023332700023444FF621066
:1053700000000070FF0023332900023443FF621055
:1053800000000070FF0023332A00023442FF621045
:1053900000000070FF0023332B00023441FF621035
:1053A00000000070FF0023332C00023440FF621025
:1053B00000000070FF0023332D0002343FFF621015
:1053C00000000070FF002333300002343EFF621003
:1053D00000000070FF002333310002343DFF6210F3
:1053E00000000070FF002333320002343CFF6210E3
:1053F00000000070FF002333330002343BFF6210D3
:1054000000000070FF002333350002343AFF6210C1
:1054100000000070FF0023333600023439FF6210B1
:1054200000000070FF0023333700023438FF6210A1
:1054300000000070FF0023333800023437FF621091
:1054400000000070FF0023333900023436FF621081
:1054500000000070FF0023333B00023435FF621070
:1054600000000070FF0023333C00023434FF621060
:1054700000000070FF0023333D00023433FF621050
:10548000000000702515400B00000070BE18400B96
:105490000A10000003008013000000702602400F75
:1054A00000000070FF0043330100023491036214D6
:1054B0000000007003008013000000708222400F83
:1054C00000000070FF0062330E00422C66004010A6
:1054D000000000706115400B0000007080BF1E3C92
:1054E0009815400B0C14D9A380BF1E3C9815400B97
:1054F0001814D9A380BF1E3C9815400B2814D9A3BB
:1055000080BF1E3C9815400B4014D9A380BF1E3CA1
:105510009815400B5014D9A380BF1E3C9815400B22
:105520006814D9A380BF1E3C9815400B7414D9A3EE
:1055300080BF1E3C9815400B8814D9A380BF1E3C29
:105540009815400B9414D9A380BF1E3C9815400BAE
:105550009C14D9A380BF1E3C9815400BB414D9A34A
:1055600080BF1E3C9815400BCC14D9A380BF1E3CB5
:105570009815400BDC14D9A380BF1E3C9815400B36
:10558000E814D9A3FF006233D4FF4010000000707C
:10559000FF00633301000234D3FF6210000000708B
:1055A000FF00633302000234D2FF6210000000707B
:1055B000FF00633303000234D1FF6210000000706B
:1055C000FF00633304000234D0FF6210000000705B
:1055D000FF00633305000234CFFF6210000000704B
:1055E000FF00633306000234CEFF6210000000703B
:1055F000FF00633307000234CDFF6210000000702B
:10560000FF00633308000234CCFF6210000000701A
:10561000FF00633309000234CBFF6210000000700A
:10562000FF0063330A000234CAFF621000000070FA
:10563000FF0063330B000234C9FF621000000070EA
:10564000FF0063330C000234C8FF621000000070DA
:10565000FF0063330D000234C7FF621000000070CA
:10566000BA16400B00000070FF0062331900422C94
:105670005300401000000070F0FF2227C215400BBD
:10568000FF00443080BF1E3CEE15400B1014C4A335
:1056900080BF1E3CEE15400B2414C4A380BF1E3CEB
:1056A000EE15400B2C14C4A380BF1E3CEE15400B1E
:1056B0004414C4A380BF1E3CEE15400B5414C4A375
:1056C00080BF1E3CEE15400B7814C4A380BF1E3C67
:1056D000EE15400B8414C4A380BF1E3CEE15400B96
:1056E000A814C4A380BF1E3CEE15400BC014C4A375
:1056F00080BF1E3CEE15400BE014C4A380BF1E3CCF
:10570000EE15400BF414C4A3FF0063330E00023403
:10571000DCFF621000000070FF0063330F000234F2
:10572000DBFF621000000070FF00633310000234E2
:10573000DAFF621000000070FF00633311000234D2
:10574000D9FF621000000070FF00633312000234C2
:10575000D8FF621000000070FF00633313000234B2
:10576000D7FF621000000070FF00633314000234A2
:10577000D6FF621000000070FF0063331500023492
:10578000D5FF621000000070FF0063331600023482
:10579000D4FF621000000070FF0063331700023472
:1057A000D3FF621000000070FF0063331800023462
:1057B000D2FF621000000070BA16400B00000070AB
:1057C000FF0062332700422C680040100000007088
:1057D000E0FF22272116400BFF00443080BF1E3C13
:1057E0005916400B0814C4A380BF1E3C5916400B29
:1057F0001C14C4A380BF1E3C5916400B3014C4A314
:1058000080BF1E3C5916400B3C14C4A380BF1E3CF5
:105810005916400B4814C4A380BF1E3C5916400BB8
:105820005814C4A380BF1E3C5916400B6C14C4A36B
:1058300080BF1E3C5916400B7014C4A380BF1E3C91
:105840005916400B8C14C4A380BF1E3C5916400B44
:10585000A014C4A380BF1E3C5916400BB814C4A3A7
:1058600080BF1E3C5916400BC414C4A380BF1E3C0D
:105870005916400BD014C4A380BF1E3C5916400BD0
:10588000E414C4A3FF00633319000234D3FF621091
:1058900000000070FF0063331A000234D2FF621070
:1058A00000000070FF0063331B000234D1FF621060
:1058B00000000070FF0063331C000234D0FF621050
:1058C00000000070FF0063331D000234CFFF621040
:1058D00000000070FF0063331E000234CEFF621030
:1058E00000000070FF0063331F000234CDFF621020
:1058F00000000070FF00633320000234CCFF621010
:1059000000000070FF00633321000234CBFF6210FF
:1059100000000070FF00633322000234CAFF6210EF
:1059200000000070FF00633323000234C9FF6210DF
:1059300000000070FF00633324000234C8FF6210CF
:1059400000000070FF00633325000234C7FF6210BF
:1059500000000070FF00633326000234C6FF6210AF
:1059600000000070BA16400B00000070FF006233A8
:105970003300422C5A00401000000070D0FF222754
:105980008616400BFF00443080BF1E3CB616400B0D
:105990000414C4A380BF1E3CB616400B2014C4A33D
:1059A00080BF1E3CB616400B3414C4A380BF1E3CFF
:1059B000B616400B3814C4A380BF1E3CB616400B6D
:1059C0004C14C4A380BF1E3CB616400B7C14C4A369
:1059D00080BF1E3CB616400B8014C4A380BF1E3C83
:1059E000B616400B9014C4A380BF1E3CB616400BE5
:1059F000AC14C4A380BF1E3CB616400BD814C4A37D
:105A000080BF1E3CB616400B6014C4A380BF1E3C72
:105A1000B616400BF014C4A3FF0063332700023412
:105A2000D9FF621000000070FF00633328000234C9
:105A3000D8FF621000000070FF00633329000234B9
:105A4000D7FF621000000070FF0063332A000234A9
:105A5000D6FF621000000070FF0063332B00023499
:105A6000D5FF621000000070FF0063332C00023489
:105A7000D4FF621000000070FF0063332D00023479
:105A8000D3FF621000000070FF0063332E00023469
:105A9000D2FF621000000070FF0063332F00023459
:105AA000D1FF621000000070FF0063333000023449
:105AB000D0FF621000000070FF0063333100023439
:105AC000CFFF621000000070FF0063333200023429
:105AD000CEFF621000000070BA16400B000000708C
:105AE000BE18400B0A100000030080130000007075
:105AF0002602400F00000070F217400B00000070FB
:105B000086BF1E3C1003C2838410427F86BF1E3CAA
:105B1000BD18400B1003C2A386BF1E3C1106C283F2
:105B20000400427F86BF1E3CBD18400B1106C2A375
:105B300086BF1E3C1005C2830421427F86BF1E3CE7
:105B4000BD18400B1005C2A386BF1E3C1103C283C3
:105B50008410427F86BF1E3CBD18400B1103C2A3B8
:105B600086BF1E3C1005C2834408427F86BF1E3C90
:105B7000BD18400B1005C2A386BF1E3C1101C28395
:105B80004408427F86BF1E3CBD18400B1101C2A3D2
:105B900086BF1E3C1101C2838410427F86BF1E3C1B
:105BA000BD18400B1101C2A386BF1E3C1102C28367
:105BB0008431427F86BF1E3CBD18400B1102C2A338
:105BC00086BF1E3C1001C2834429427F86BF1E3C13
:105BD000BD18400B1001C2A386BF1E3C1002C28339
:105BE0004408427F86BF1E3CBD18400B1002C2A372
:105BF00086BF1E3C1103C2838431427F86BF1E3C98
:105C0000BD18400B1103C2A386BF1E3C1006C28301
:105C10004408427F86BF1E3CBD18400B1006C2A33D
:105C200086BF1E3C1100C2838431427F86BF1E3C6A
:105C3000BD18400B1100C2A386BF1E3C1003C283D7
:105C4000C418427F86BF1E3CBD18400B1003C2A380
:105C500086BF1E3C1006C283C439427F86BF1E3CED
:105C6000BD18400B1006C2A386BF1E3C1005C283A0
:105C70004429427F86BF1E3CBD18400B1005C2A3BD
:105C800086BF1E3C1103C283C418427F86BF1E3CE0
:105C9000BD18400B1103C2A386BF1E3C1005C28372
:105CA0000400427F86BF1E3CBD18400B1005C2A3F6
:105CB00086BF1E3C1001C2834408427F86BF1E3C43
:105CC000BD18400B1001C2A386BF1E3C1004C28346
:105CD0004429427F86BF1E3CBD18400B1004C2A35E
:105CE00086BF1E3C1102C2834429427F86BF1E3CF0
:105CF000BD18400B1102C2A386BF1E3C1001C28317
:105D0000C418427F86BF1E3CBD18400B1001C2A3C1
:105D100086BF1E3C1002C2830421427F86BF1E3C08
:105D2000BD18400B1002C2A386BF1E3C1103C283E4
:105D3000C439427F86BF1E3CBD18400B1103C2A36D
:105D400086BF1E3C1006C2830400427F86BF1E3CF5
:105D5000BD18400B1006C2A386BF1E3C1100C283B3
:105D6000C439427F86BF1E3CBD18400B1100C2A340
:105D700086BF1E3C1103C2834408427F86BF1E3C7F
:105D8000BD18400B1103C2A386BF1E3C1006C28380
:105D90008431427F86BF1E3CBD18400B1006C2A353
:105DA00086BF1E3C1101C2830400427F86BF1E3C99
:105DB000BD18400B1101C2A386BF1E3C1101C28356
:105DC000C439427F86BF1E3CBD18400B1101C2A3DF
:105DD00086BF1E3C1003C2830421427F86BF1E3C47
:105DE000BD18400B1003C2A386BF1E3C1001C28326
:105DF0000400427F86BF1E3CBD18400B1001C2A3A9
:105E000086BF1E3C1004C283C418427F86BF1E3C5E
:105E1000BD18400B1004C2A386BF1E3C1001C283F4
:105E2000C439427F86BF1E3CBD18400B1001C2A37F
:105E300086BF1E3C1105C2830421427F86BF1E3CE3
:105E4000BD18400B1105C2A386BF1E3C1103C283BF
:105E50000421427F86BF1E3CBD18400B1103C2A324
:105E600086BF1E3C1105C2830400427F86BF1E3CD4
:105E7000BD18400B1105C2A386BF1E3C1002C28391
:105E8000C418427F86BF1E3CBD18400B1002C2A33F
:105E900086BF1E3C1104C2834408427F86BF1E3C5D
:105EA000BD18400B1104C2A386BF1E3C1003C28361
:105EB0004408427F86BF1E3CBD18400B1003C2A39E
:105EC00086BF1E3C1106C2834408427F86BF1E3C2B
:105ED000BD18400B1106C2A386BF1E3C1101C28330
:105EE0008431427F86BF1E3CBD18400B1101C2A306
:105EF00086BF1E3C1003C2830400427F86BF1E3C47
:105F0000BD18400B1003C2A386BF1E3C1001C28304
:105F10008431427F86BF1E3CBD18400B1001C2A3D6
:105F200086BF1E3C1003C2834429427F86BF1E3CAD
:105F3000BD18400B1003C2A386BF1E3C1001C283D4
:105F40008410427F86BF1E3CBD18400B1001C2A3C7
:105F500086BF1E3C1005C283C418427F86BF1E3C0C
:105F6000BD18400B1005C2A386BF1E3C1105C2839D
:105F70004429427F86BF1E3CBD18400B1105C2A3B9
:105F800086BF1E3C1005C2838410427F86BF1E3C24
:105F9000BD18400B1005C2A386BF1E3C1002C28371
:105FA0008410427F86BF1E3CBD18400B1002C2A366
:105FB00086BF1E3C1104C2830400427F86BF1E3C84
:105FC000BD18400B1104C2A3FF002233CCFE4010C9
:105FD00000000070FF00233301000234CEFE621087
:105FE00000000070FF00233302000234D0FE621074
:105FF00000000070FF00233303000234D2FE621061
:1060000000000070FF00233304000234D4FE62104D
:1060100000000070FF00233305000234D6FE62103A
:1060200000000070FF00233306000234D8FE621027
:1060300000000070FF00233307000234DAFE621014
:1060400000000070FF00233308000234DCFE621001
:1060500000000070FF0023330A000234DEFE6210ED
:1060600000000070FF0023330B000234E0FE6210DA
:1060700000000070FF0023330C000234E2FE6210C7
:1060800000000070FF0023330D000234E4FE6210B4
:1060900000000070FF00233310000234E6FE62109F
:1060A00000000070FF00233311000234E8FE62108C
:1060B00000000070FF00233312000234EAFE621079
:1060C00000000070FF00233313000234ECFE621066
:1060D00000000070FF00233314000234EEFE621053
:1060E00000000070FF00233315000234F0FE621040
:1060F00000000070FF00233316000234F2FE62102D
:1061000000000070FF00233317000234F4FE621019
:1061100000000070FF00233318000234F6FE621006
:1061200000000070FF0023331A000234F8FE6210F2
:1061300000000070FF0023331B000234FAFE6210DF
:1061400000000070FF0023331C000234FCFE6210CC
:1061500000000070FF0023331D000234FEFE6210B9
:1061600000000070FF0023332000023400FF6210A3
:1061700000000070FF0023332100023402FF621090
:1061800000000070FF0023332200023404FF62107D
:1061900000000070FF0023332300023406FF62106A
:1061A00000000070FF0023332400023408FF621057
:1061B00000000070FF002333250002340AFF621044
:1061C00000000070FF002333260002340CFF621031
:1061D00000000070FF002333270002340EFF62101E
:1061E00000000070FF0023332900023410FF62100A
:1061F00000000070FF0023332A00023412FF6210F7
:1062000000000070FF0023332B00023414FF6210E3
:1062100000000070FF0023332C00023416FF6210D0
:1062200000000070FF0023332D00023418FF6210BD
:1062300000000070FF002333300002341AFF6210A8
:1062400000000070FF002333310002341CFF621095
:1062500000000070FF002333320002341EFF621082
:1062600000000070FF0023333300023420FF62106F
:1062700000000070FF0023333500023422FF62105B
:1062800000000070FF0023333600023424FF621048
:1062900000000070FF0023333700023426FF621035
:1062A00000000070FF0023333800023428FF621022
:1062B00000000070FF002333390002342AFF62100F
:1062C00000000070FF0023333B0002342CFF6210FB
:1062D00000000070FF0023333C0002342EFF6210E8
:1062E00000000070FF0023333D00023430FF6210D5
:1062F00000000070FF0002340000BF8F0800E003C0
:046300000400BD27B1
:10089800FCFFBD2781BF1E3C0000C38F81BF1E3CEB
:1008A8000010C48F81BF1E3C0000C0AF81BF1E3C3A
:1008B8000010C0AF80BF1E3C3000C0AF99AA023CF8
:1008C8005566423480BF1E3C3000C2AF6655023CBC
:1008D800AA99423480BF1E3C3000C2AF80BF1E3C84
:1008E8000100C2832000423480BF1E3C0100C2A325
:1008F80080BF1E3C3000C0AF81BF1E3C0000C3AFAC
:1009080081BF1E3C0010C4AF0800E0030400BD27EF
:10854C000100023CA0864234848F22AC00A0023C85
:10855C0008394234808F22AC01000434FF00823091
:10856C00140042281100401000000070FF008230FF
:10857C00C018020000A0023C800F423421104300BE
:10858C00000040ACFF008230C018020000A0023C8A
:10859C00800F42342110430004004224000040AC00
:1085AC00010082245A21400BFF00443001000234A8
:1085BC00418F22A01F8D20A0408F20A00800E00337
:0485CC00000000703B
:108D3800009D023CA8F742344C8F22AC009D023CB7
:108D4800ACFC42342C9022AC1080023484BF1E3C10
:108D58000000C2AF1A00023481BF1E3C5801C2AFE6
:108D680081BF1E3CC000C28F1000423481BF1E3C30
:108D7800C000C2AF81BF1E3C4000C38FFFFF023C52
:108D8800EFFF42342510620081BF1E3C4000C2AF95
:108D980024F4023484BF1E3C2000C2AF84BF1E3CB2
:0C8DA8001000C0AF0800E00300000070E5
:109E3400FCFFBD270000BFAF86BF1E3C1005C283D8
:109E44000800423486BF1E3C1005C2A386BF1E3CD8
:109E54001101C2838000423486BF1E3C1101C2A39B
:109E640086BF1E3C1001C2830200423486BF1E3CE2
:109E74001001C2A3508F22904408027C508F22A06C
:109E84005C8F22904408027C5C8F22A0688F229011
:109E94004408027C688F22A08000023C00214234E6
:109EA40081BF1E3CC400C2AF0F00023481BF1E3C00
:109EB4005913400F0400C2AF4E13400F000000704E
:109EC4009913400F000000700000BF8F0800E003EA
:049ED4000400BD27A2
:104D64000B00023481BF1E3C6801C2AF0001023453
:104D740081BF1E3CC800C2AF0001023481BF1E3C8B
:0C4D84004400C2AF0800E0030000007013
:104D3800000B023481BF1E3C7801C2AF0020023450
:104D480081BF1E3CC800C2AF0020023481BF1E3C98
:0C4D58004400C2AF0800E003000000703F
:104E6400000B023C81BF1E3C9801C2AF8000023C93
:104E740081BF1E3CC800C2AF8000023C81BF1E3C03
:0C4E84004400C2AF0800E0030000007012
:1075E80084BF1E3C0048C0AF84BF1E3C0042C0AFF1
:1075F80084BF1E3C004CC0AF84BF1E3C0044C0AFDB
:1076080084BF1E3C004AC0AF84BF1E3C004EC0AFC2
:1076180084BF1E3C0002C0AF84BF1E3C0004C0AF44
:1076280084BF1E3C0006C0AF84BF1E3C0008C0AF2C
:1076380084BF1E3C000AC0AF84BF1E3C000CC0AF14
:107648003000023484BF1E3C0002C2AF3000023456
:1076580084BF1E3C0004C2AF3000023484BF1E3C0D
:107668000006C2AF3000023484BF1E3C0008C2AF1F
:107678003000023484BF1E3C000AC2AF300002341E
:1076880084BF1E3C000CC2AFFFFF023484BF1E3C07
:107698002002C2AFFFFF023484BF1E3C2004C2AFE9
:1076A800FFFF023484BF1E3C2006C2AFFFFF023436
:1076B80084BF1E3C2008C2AFFFFF023484BF1E3CBB
:1076C800200AC2AFFFFF023484BF1E3C200CC2AFA9
:1076D8000400023484BF1E3C0048C2AF04000234D8
:1076E80084BF1E3C0042C2AF0400023484BF1E3C6B
:1076F800004CC2AF0C00023484BF1E3C0044C2AF31
:107708000C00023484BF1E3C004AC2AF0C00023495
:1077180084BF1E3C004EC2AF0500023484BF1E3C2D
:107728001048C2AF3402023484BF1E3C2048C2AFA6
:107738000500023484BF1E3C1042C2AF340202343A
:1077480084BF1E3C2042C2AF0500023484BF1E3CE9
:10775800104CC2AF3402023484BF1E3C204CC2AF6E
:107768000500023484BF1E3C1044C2AF3402023408
:1077780084BF1E3C2044C2AF0500023484BF1E3CB7
:10778800104AC2AF3402023484BF1E3C204AC2AF42
:107798000500023484BF1E3C104EC2AF34020234CE
:1077A80084BF1E3C204EC2AF0400023481BF1E3C81
:1077B800AB01C2A30800023481BF1E3CAB01C2A3C7
:1077C8001000023481BF1E3CA701C2A3010002348D
:1077D80081BF1E3CA701C2A30200023481BF1E3C28
:1077E800A701C2A30800023481BF1E3C4700C2A300
:1077F8000800023481BF1E3CC700C2A30400023443
:1078080081BF1E3C7801C2A30800023481BF1E3C20
:107818007801C2A31000023481BF1E3C7401C2A3C8
:107828000100023481BF1E3C7801C2A30200023469
:1078380081BF1E3C7401C2A31000023481BF1E3CEC
:107848004500C2A31000023481BF1E3CC500C2A37C
:107858000400023481BF1E3CCB01C2A308000234DD
:1078680081BF1E3CCB01C2A31000023481BF1E3C65
:10787800C701C2A30100023481BF1E3CC701C2A3D5
:107888000200023481BF1E3CCB01C2A308000234AF
:1078980081BF1E3C5400C2A30800023481BF1E3CB5
:1078A800D400C2A30400023481BF1E3C8901C2A3D4
:1078B8000800023481BF1E3C8901C2A310000234B3
:1078C80081BF1E3C8501C2A30100023481BF1E3C5A
:1078D8008901C2A30200023481BF1E3C8901C2A3F0
:1078E8000200023481BF1E3C4600C2A302000234DB
:1078F80081BF1E3CC600C2A30400023481BF1E3CE7
:10790800BB01C2A30800023481BF1E3CBB01C2A355
:107918001000023481BF1E3CB701C2A3010002342B
:1079280081BF1E3CBB01C2A30200023481BF1E3CC2
:10793800BB01C2A38000023481BF1E3C4700C2A322
:107948008000023481BF1E3CC700C2A30400023479
:1079580081BF1E3CDB01C2A30800023481BF1E3C6C
:10796800DB01C2A31000023481BF1E3CD701C2A3B1
:107978000100023481BF1E3CDB01C2A302000234B5
:1079880081BF1E3CDB01C2A38000023481BF1E3CC4
:107998005400C2A38000023481BF1E3CD400C2A39D
:1079A8000080023484BF1E3C0802C2AF008002344B
:1079B80084BF1E3C0806C2AF0080023484BF1E3C50
:1079C800080AC2AF0080023484BF1E3C0808C2AF58
:1079D8000080023484BF1E3C0804C2AF0080023419
:1079E80084BF1E3C080CC2AF0800E0030000007012
:1072F80086BF1E3C1106C2838431027C86BF1E3CB9
:107308001106C2A386BF1E3C1106C2830421027C5B
:1073180086BF1E3C1106C2A386BF1E3C1106C2834F
:107328004408027C86BF1E3C1106C2A386BF1E3CD1
:107338001004C2838410027C86BF1E3C1004C2A3C2
:1073480086BF1E3C1004C2830421027C86BF1E3CFB
:107358001004C2A386BF1E3C1106C283C439027C36
:1073680086BF1E3C1106C2A386BF1E3C1000C28306
:107378004429027C86BF1E3C1000C2A386BF1E3C67
:107388001004C2834429027C86BF1E3C1004C2A399
:087398000800E0030000007092
:106AB40005A920A00A2800002016057C040042280D
:106AC4001100401000000070201E057C44000234B8
:106AD4001900430012100000211022034000442436
:106AE4002016057C80180200019D023C7C4942343A
:106AF40021104300000040C4000080E40100A224EF
:106B0400AF1A400B202E027C0800E0030000007046
:106A8800FCFFBD270000BFAF0080023481BF1E3C61
:106A98001113400F0810C2AFD912400F0000007048
:0C6AA8000000BF8F0800E0030400BD27C1
:104C44004000023481BF1E3C0401C2AF4000023464
:104C540081BF1E3C8400C2AF0380023481BF1E3C6E
:104C64006410C2AF3092023481BF1E3C7010C2AFD8
:104C74003F00023481BF1E3C1011C2AF821F023CB0
:104C84003022423481BF1E3C9010C2AF0100023476
:104C940081BF1E3CB010C2AF0020023481BF1E3C55
:104CA400A010C2AFC800023481BF1E3CC010C2AF06
:104CB4000100023481BF1E3CF010C2AF1600023C5A
:104CC40081BF1E3C5403C2AFFF00023CFF004234CC
:104CD40081BF1E3C8410C2AF1400023C81BF1E3C45
:104CE4005803C2AF0B00023C81BF1E3C8810C2AF08
:104CF4004000023481BF1E3C0801C2AF40000234B0
:104D040081BF1E3C8400C2AFFF00023481BF1E3C41
:104D14008410C2AF1305023481BF1E3C6810C2AFB9
:104D24001C8F20A41A8F20A4188F20A40800E0034D
:044D3400000000700B
:104B64000017023C81BF1E3C5403C2AF070002344D
:104B740081BF1E3C0401C2AF0380023481BF1E3CCE
:104B84002411C2AF3093023481BF1E3C3011C2AF36
:104B940081BF1E3CD011C0AF0022023481BF1E3C35
:104BA4005011C2AFE803023481BF1E3C7011C2AF82
:104BB40082BF1E3C2020C0AF821F023C2022423410
:104BC40081BF1E3C6011C2AF0100023481BF1E3C94
:104BD4008011C2AF0100023481BF1E3CB011C2AFCC
:104BE4000016023C81BF1E3C5403C2AFFF00023CCE
:104BF400FF00423481BF1E3C4411C2AF0016023C88
:104C040081BF1E3C5803C2AF8000023481BF1E3CEA
:104C14000801C2AF8000023481BF1E3C8400C2AFD1
:104C2400FF00023481BF1E3C4411C2AF03000234B2
:104C340081BF1E3C2811C2AF0800E00300000070D1
:106A68008000023481BF1E3C6810C2AF400002346F
:106A780081BF1E3C8400C2AF0800E0030000007024
:10720400ECFFBD270000BFAF0400B9AF0800BAAF60
:107214000C00BBAF1000BCAF0AE0000001001B343F
:1072240003001A3C400D5A370100193C00C239379B
:10723400FCFFBD27D618400F0000A0A30400BD2703
:10724400FFFF1C3CFFFF9C37FFFF1B3CFFFF7B370E
:10725400FFFF1A3CFFFF5A37FFFF193C4919400F43
:10726400FFFF39370A00183C2A2C1837FFFF18276C
:10727400FEFF0017000000700AE0000001001B344C
:1072840003001A3C400D5A370300193C00E8393713
:10729400FCFFBD275019400F0000A0A30400BD2728
:1072A400FFFF1C3CFFFF9C37FFFF1B3CFFFF7B37AE
:1072B400009D1A3C2CF75A37FFFF193C4919400F1F
:1072C400FFFF39376500183CAAB91837FFFF1827A4
:1072D400FEFF0017000000701000BC8F0C00BB8F75
:1072E4000800BA8F0400B98F0000BF8F0800E003C4
:0472F4001400BD279E
:10635800E4FFBD270000BFAF0400B9AF0800BAAF23
:106368000C00BBAF1C00A693FFFF023CFFFF4234AA
:10637800488F22ACFFFF023CFFFF4234448F22AC1F
:10638800FFFF023CFFFF4234209022ACFFFF023C9B
:10639800FFFF4234709022ACFF00633301000234E7
:1063A8000B006214000000701000BAAF0AD8000099
:1063B8000AD02003A701400F1000B98F0A18400027
:1063C8000800023482BF1E3C1F19400B0422C2AFD2
:1063D800FF006333020002340B00621400000070F7
:1063E8001000BAAF01001B340AD02003A701400FE8
:1063F8001000B98F0A1840000800023482BF1E3C02
:106408001F19400B0822C2AF1000BAAF1400B9AF71
:106418001800BAAF0AD800000AD02003A701400F1D
:106428001800B98F1400B98F1000BA8F0A204000E5
:106438000800033482BF1E3C0C0040140422C3AF82
:106448001000BAAF01001B340AD02003A701400F87
:106458001000B98F0A1840000800023482BF1E3CA1
:106468000822C2AF1E19400B0A1060000A108000F3
:106478000A184000FFFF622482BF1E3C4022C2AFC0
:1064880082BF1E3C0022C28F0080423482BF1E3C65
:106498000022C2AF25108603FF00433082BF1E3C96
:1064A8000022C28F2510430082BF1E3C0022C2AFCB
:1064B8000014023482BF1E3C1022C2AF0C00BB8FF6
:1064C8000800BA8F0400B98F0000BF8F0800E003EE
:0464D8001C00BD27C0
:10069C00FCFFBD2780BF1E3C1013C28F7F00423071
:1006AC0001004324E8030234190022031210000055
:1006BC001B004300121000000A184000FF006233B8
:1006CC00040040140000007000111A00BA01400B25
:1006DC000A20400080101A000A2040001B00640011
:1006EC00101000000A2840001B00640012100000CB
:1006FC000A184000421004002B1045000500401061
:10070C0000000070010062240A184000C901400B6F
:10071C000A1060000A1060000800E0030400BD2706
:10652400FCFFBD27448F39AC488F3AAC20903BAC7C
:0C65340070903CAC0800E0030400BD27A0
:10654000E4FFBD270000BFAF0400B9AF0800BAAF39
:106550000C00BBAF1C00A693009D023C2CF74234FC
:10656000488F22ACFFFF023CFFFF4234448F22AC35
:10657000FFFF023CFFFF4234209022ACFFFF023CB1
:10658000FFFF4234709022ACFF00633301000234FD
:106590000B006214000000701000BAAF0AD80000AF
:1065A0000AD02003A701400F1000B98F0A1840003D
:1065B0000800023482BF1E3C9919400B0424C2AF6C
:1065C000FF006333020002340B006214000000700D
:1065D0001000BAAF01001B340AD02003A701400FFE
:1065E0001000B98F0A1840000800023482BF1E3C18
:1065F0009919400B0824C2AF1000BAAF1400B9AF0C
:106600001800BAAF0AD800000AD02003A701400F33
:106610001800B98F1400B98F1000BA8F0A204000FB
:106620000800033482BF1E3C0C0040140424C3AF96
:106630001000BAAF01001B340AD02003A701400F9D
:106640001000B98F0A1840000800023482BF1E3CB7
:106650000824C2AF9819400B0A1060000A1080008D
:106660000A184000FFFF622482BF1E3C4024C2AFD4
:1066700082BF1E3C0024C28F0080423482BF1E3C79
:106680000024C2AF25108603FF00433082BF1E3CAA
:106690000024C28F2510430082BF1E3C0024C2AFDD
:1066A0000014023482BF1E3C1024C2AF0C00BB8F0A
:1066B0000800BA8F0400B98F0000BF8F0800E00304
:0466C0001C00BD27D6
:10AB9000F0FFBD270000BFAF0400B9AF0800BAAF97
:10ABA0000AF000000E00BEA71BBD023C00C04234EC
:10ABB0000C8822AC1BBD023C07002017F0C54234B4
:10ABC00000B520A402B520A404B520A41AB520A481
:10ABD0002B2C400B18B520A4F419400F0AC84000D4
:10ABE0000A184000FFFF023CFFFF4234D10062140C
:10ABF0000000007000A0193C3719400F0C083937CD
:10AC0000068822A43A43023C00C0423400A822AC89
:10AC10003A43023C00C04234C118400F00608244F5
:10AC200000A01E3C0001C2AF3A43023C00C04234C7
:10AC300004A822AC3A43023C00C04234C118400F81
:10AC40000060824400A01E3C0401C2AF3A43023CB3
:10AC500000C0423408A822AC3A43023C00C042344F
:10AC6000C118400F0060824400A01E3C0801C2AF22
:10AC70003A43023C00C042340CA822AC3A43023CA6
:10AC800000C04234C118400F0060824400A01E3C46
:10AC90000C01C2AF3A43023C00C0423410A822ACBF
:10ACA0003A43023C00C04234C118400F0060824465
:10ACB00000A01E3C0801C2AF3A43023C00C042342F
:10ACC00014A822AC3A43023C00C04234C118400FE1
:10ACD0000060824400A01E3C0C01C2AFA042023CB6
:10ACE0000000423410A822ACA042023C00004234D2
:10ACF000C118400F0060824400A01E3C1C01C2AF7E
:10AD00009643023C0000423414A822AC9643023C15
:10AD100000004234C118400F0060824400A01E3C75
:10AD20002001C2AFA042023C000042341CA822AC69
:10AD3000A042023C00004234C118400F006082442F
:10AD400000A01E3C2801C2AF4041023C000042343A
:10AD500018A822AC4041023C00004234C118400F08
:10AD60000060824400A01E3C2401C2AF803F023C30
:10AD70000000423420A822AC803F023C0000423454
:10AD8000C118400F0060824400A01E3C2C01C2AFDD
:10AD90004C3E023CCDCC423424A822AC4C3E023C7A
:10ADA000CDCC4234C118400F0060824400A01E3C4C
:10ADB0003001C2AF9C45023C5240423428A822AC2C
:10ADC0009C45023C52404234C118400F006082440E
:10ADD00000A01E3C3401C2AF4C3D023CCDCC4234FD
:10ADE0002CA822AC4C3D023CCDCC4234C118400FC3
:10ADF0000060824400A01E3C3801C2AF190002343A
:10AE000030A822A44F00023400A01E3C3C01C2AF77
:10AE10001900023438A822A41900023400A01E3CF4
:10AE20004C01C2AF6400023436A822A4640002348C
:10AE300000A01E3C4801C2AF640002343CA822A41A
:10AE40006400023400A01E3C1801C2AF03000234AB
:10AE50003EA822A40300023400A01E3C5801C2AF49
:10AE60000F00023440A822A40F00023400A01E3CB0
:10AE70005C01C2AF0F00023442A822A40F000234CA
:10AE800000A01E3C6001C2AF32A820A432A82294C8
:10AE90000200423432A822A40400423432A822A480
:10AEA0000800423432A822A41000423432A822A45E
:10AEB000FFFF42301F00423000A01E3C4001C2AFE5
:10AEC000FFFF023CFFFF423400A01E3CF005C2AF72
:10AED0000100023415004010000000700C00B9A3FE
:10AEE00000A01A3C00005A3700A0193CB119400FCD
:10AEF0000C0839370C00B983FFFF42300A184000B4
:10AF00000E00A287010042240E00A2A72016027C98
:10AF1000030042280300401400000070CB2B400BBC
:10AF20000A106000B52B400B0A106000CE2B400BBE
:10AF3000000000700A106000050040100000007062
:10AF4000C819400F0C88398C2303400F20CE027C97
:10AF500000A01E3C8F12400F0001D98F00A820E4F2
:10AF600000A01E3C8F12400F0401D98F04A820E4DA
:10AF700000A01E3C8F12400F0801D98F08A820E4C2
:10AF800000A01E3C8F12400F0C01D98F0CA820E4AA
:10AF900000A01E3C8F12400F1001D98F10A820E492
:10AFA00000A01E3C8F12400F1401D98F14A820E47A
:10AFB00000A01E3C8F12400F1C01D98F10A820E466
:10AFC00000A01E3C8F12400F2001D98F14A820E44E
:10AFD00000A01E3C8F12400F2401D98F18A820E436
:10AFE00000A01E3C8F12400F2801D98F1CA820E41E
:10AFF00000A01E3C8F12400F2C01D98F20A820E406
:10B0000000A01E3C8F12400F3001D98F24A820E4ED
:10B0100000A01E3C8F12400F3401D98F6145023CC5
:10B0200000004234000882440200014628A820E4BF
:10B0300000A01E3C8F12400F3801D98F2CA820E4AD
:10B0400000A01E3C3C01C28F30A822A400A01E3CE0
:10B050004001C28F32A822A400A01E3C4401C28F2E
:10B0600038A822A400A01E3C5001C28F3AA822A4F6
:10B0700000A01E3C1801C28F3CA822A400A01E3CC8
:10B080005801C28F3EA822A400A01E3C4801C28FD6
:10B0900036A822A400A01E3C5C01C28F40A822A4B6
:10B0A00000A01E3C6001C28F42A822A40800BA8FF3
:10B0B0000400B98F0000BF8F0800E0031000BD2717
:0C67D0000000228F0800E00300000070B1
:1064DC00F8FFBD270000BFAF0400B9AF0A102003BE
:1064EC000000438CFF1F023CFFFF4234241062006B
:1064FC0080BF1E3C2006C2AF4501400F044019343A
:10650C00769022A4769022940400B98F0000BF8F5D
:08651C000800E0030800BD27A0
:10051400F4FFBD270000BFAF80BF1E3C0006C28FA2
:10052400F0FF423080BF1E3C0006C2AF80BF1E3CBD
:100534000006C28F2510590080BF1E3C0006C2AFC2
:1005440000607E414400400F0800BEA70C0040102C
:100554000000007086BF1E3C3100C2834408027C48
:1005640086BF1E3C3100C2A34D00400F0400B9AF4A
:10057400030040100400B98F5B01400B00000070C1
:1005840080BF1E3C1006C0AF99AA023C5566423497
:1005940080BF1E3C1006C2AF6655023CAA99423485
:1005A40080BF1E3C1006C2AF0080023480BF1E3CD8
:1005B4000806C2AF000000703B00400F0400B9AF52
:1005C4000400B98F0800A2970200401000000070D8
:1005D40020607E410040023480BF1E3C0406C2AF4E
:1005E4002100400F00000070030040100000007064
:1005F4007901400B0000007080BF1E3C0006C28FD2
:1006040000304230021302000000BF8F0800E003F4
:040614000C00BD27F2
:100110000010023481BF1E3C0810C2AF81BF1E3CDC
:100120000010C28F00104230021302000800E003EA
:04013000000000705B
:1001340081BF1E3C0010C28F00084230C212020070
:080144000800E0030000007058
:1000EC000010023481BF1E3C0410C2AF81BF1E3C05
:1000FC000010C28F00104230021302000800E0030F
:04010C00000000707F
:1000840080BF1E3C0006C28F00804230C2130200B3
:080094000800E0030000007009
:10630400E8FFBD270000BFAF0400B9AF0800BAAF73
:106314000C00BBAF1400ACE70AF000001000BEAFE5
:106324001400A3271000A22704001B340AD0600025
:106334009501400F0AC840001000A28F0C00BB8FCB
:106344000800BA8F0400B98F0000BF8F0800E00373
:046354001800BD2749
:10065400FCFFBD270A2040030A282003201E1B7C20
:10066400FFFF62270900601020DE027C00008290F8
:100674000000A2A00100A2240A1840000100822464
:100684000A2040009801400B0A2860000A10200349
:080694000800E0030400BD278B
:1066C400F8FFBD270000BFAF0400B9AF0A102003D4
:1066D4000000438CFF1F023CFFFF42342410620081
:1066E40080BF1E3C2006C2AFFF1F023CFFFF4234A6
:1066F4002410420380BF1E3C7006C2AF4501400F08
:1067040003401934769022A4769022940400B98F21
:0C6714000000BF8F0800E0030800BD2754
:10672000F8FFBD270000BFAF0A2020030A280000A1
:10673000008820AC0088228C0002422C1C004010F3
:10674000000000700088228C8018020000A0023C2B
:1067500000004234211843000088228C801002007F
:10676000211082000000428C000062AC0088228C64
:106770008018020000A0023C0000423421104300B7
:106780000000438CFFFF023CFFFF42340400621014
:10679000000000700100A224E819400B202E027CAA
:1067A0000088228C01004224CD19400B008822ACC5
:1067B0000400B9AF2303400F20CE057C0400B98F3D
:1067C0002016057C0000BF8F0800E0030800BD27ED
:100C8C00208F39A4208F22840800E003000000701C
:104A3C00E8FFBD270000BFAF0400B9AF0800BAAF54
:104A4C000C00BBAF1400B9AF0AF000001000BEAFF1
:104A5C001400A3271000A22704001B340AD0600006
:104A6C009501400F0AC840001000A0C70C00BB8F76
:104A7C000800BA8F0400B98F0000BF8F0800E00354
:044A8C001800BD272A
:10B8F400F8FFBD270000BFAFAA29400F0400ADE741
:10B904000400ADC700A01E3C0039C2AFAA29400FF5
:10B91400066B004600A01E3CDA28400F0439C2AF73
:10B924000A100000589022AC0A1000005C9022AC6F
:0CB934000000BF8F0800E0030800BD27E2
:10A6A800F4FFBD270000BFAFA412400F00000070E8
:10A6B8006413400F0800A0E786000046416000468A
:10A6C800003F023C00004234000082443E0800463D
:10A6D8000300004500000070BD29400B0000007019
:10A6E8000800A0C7BE29400B0400A0E70400A2E7A9
:10A6F8000400A0C724000046000002440000BF8FE9
:08A708000800E0030C00BD276E
:104A9000F8FFBD270400ACE70400A2270000428C09
:104AA000C2150200FF00423081FF4224201E027C1A
:104AB0002016027C00004228100040100000007008
:104AC0000400A1C70A100000000082443C00014617
:104AD0000300004500000070BB12400B0000007096
:104AE0000A100000D712400B00008244803F023CB5
:104AF00000004234D712400B00008244FFFF6230B6
:104B00001900422C0300401400000070D712400B23
:104B10000400A0C70400A0C724000046000002440F
:104B20000000824460008046860800460400A0C75A
:104B30003E0001460300004500000070D612400B05
:104B400000000070803F023C0000423400008244BC
:104B5000D712400B00100046061000460800E00384
:044B60000800BD2765
:104D9000F8FFBD270400ACE70400A2270000428C06
:104DA000C2150200FF00423081FF4224201E027C17
:104DB0002016027C00004228100040100000007005
:104DC0000400A1C70A100000000082443E00014612
:104DD00003000045000000707C13400B00000070D1
:104DE00080BF023C000042349713400B0000824415
:104DF0000A1000009713400B00008244FFFF62304E
:104E00001900422C03004014000000709713400B5F
:104E10000400A0C70400A0C724000046000002440C
:104E20000000824460008046860800460400A0C757
:104E30003E08004603000045000000709613400B3A
:104E400000000070803F023C0000423400008244B9
:104E50009713400B01100046061000460800E003BF
:044E60000800BD2762
:10A36800F4FFBD270000BFAF0A2800002016057CB7
:10A37800040042284E004010000000702016057CA2
:10A388008018020000A0023C20274234212043000C
:10A3980000A0023C0028423421104300000041C4C0
:10A3A8000042023C00004234000082444208004659
:10A3B800C940023CDB0F42340000824403000146DE
:10A3C800000080E42016057C8018020000A0023CF2
:10A3D800402642342120430000A0023C202742347A
:10A3E80021104300000041C4BE4A023C20BC423454
:10A3F8000000824442080046C842023C0000423441
:10A408000000824402080046000080E42016057C13
:10A418008018020000A0023C80264234211043002C
:10A428000800A2AF00A0023C2027423421104300BC
:10A43800000041C40040023C000042340000824455
:10A44800420800461550023CF9024234000082449A
:10A45800020800460400A5A7AA29400F06030046E3
:10A468000400A5870800A38F000062AC2016057CB5
:10A478008018020000A0023C6027423421204300DB
:10A4880000A0023C0028423421104300000041C4CF
:10A498000042023C000042340000824402080046A8
:10A4A800000080E40100A224DD28400B202E027C5D
:0CA4B8000000BF8F0800E0030C00BD276F
:10C2A80000A01E3C0026C0A30800E00300000070A8
:10C74C0000A01E3C0826C0A700A01E3C1426C0A7B3
:10C75C0000A01E3C0226C0A7249020A40A100000B2
:10C76C00309022AC02A920A004A920A00100023420
:0CC77C0005A922A00800E00300000070E6
:10C648000800023481BF1E3CC700C2A30080033427
:10C6580084BF1E3C0448C3AF1000023481BF1E3C97
:10C66800C500C2A384BF1E3C0442C3AF0800023405
:10C6780081BF1E3CD400C2A384BF1E3C044CC3AF80
:10C688000200023481BF1E3CC600C2A384BF1E3C08
:10C698000444C3AF8000023481BF1E3CC700C2A35C
:10C6A80084BF1E3C044AC3AF8000023481BF1E3CD5
:10C6B800D400C2A384BF1E3C044EC3AF0800E003ED
:04C6C80000000070FE
:10C2B80086BF1E3C3106C2834000423486BF1E3C06
:10C2C8003106C2A386BF1E3C3106C2830200423437
:10C2D80086BF1E3C3106C2A386BF1E3C3004C28303
:10C2E8001000423486BF1E3C3004C2A386BF1E3CE9
:10C2F8003000C2832000423486BF1E3C3000C2A3F7
:08C308000800E00300000070D2
:10F90400E4FFBD270000BFAF201E197C0C000234A9
:10F91400190043001218000000A0023C500F4234AA
:10F92400212043002890229001004230FF00433000
:10F9340000008290C418627C000082A0201E197C02
:10F944000C000234190043001218000000A0023C0D
:10F95400500F4234211043004A34400F1800A2AF24
:10F96400FF0044301800A38F000062900400827CE2
:10F97400000062A0201E197C0C0002341900430010
:10F984001218000000A0023C500F42342110430022
:10F99400000042900000427C9C0040140000007073
:10F9A400201E197C0C0002341900430012180000B8
:10F9B40000A0023C500F423421104300000042904A
:10F9C4004000427C9100401000000070201E197C11
:10F9D4000C000234190043001218000000A0023C7D
:10F9E400500F42342110430000004290C000427C7A
:10F9F4005500401400000070201E197C0C000234D5
:10FA0400190043001218000000A0023C500F4234B9
:10FA140021104300000042904001427C4A004014FF
:10FA240000000070201E197C0C00023419004300F1
:10FA34001218000000A0023C500F42342118430069
:10FA44000000629020004234000062A0201E197C55
:10FA54000C000234190043001218000000A0023CFC
:10FA6400500F4234211043000400432400006294E8
:10FA740001004224000062A4201E197C0C00023400
:10FA8400190043001218000000A0023C500F423439
:10FA94002110430004004224000043940600B727C9
:10FAA4001100F626019D183C2145400FEE4A1837F7
:10FAB4000600A2270400B9A7F4FFBD270800A3A7E6
:10FAC4000400B9A71F3B400F0000A2AF0C00BD27E4
:10FAD4000400B987201E197C0C000234190043006D
:10FAE4001218000000A0023C500F423421204300B1
:10FAF40004008224000043940600822400004294FF
:10FB0400FFFF6330FFFF42302B1043000C00401016
:10FB140000000070201E197C0C0002341900430000
:10FB24001218000000A0023C500F42342110430080
:10FB3400060043240400422400004294000062A40E
:10FB4400F33E400B00000070201E197C0C000234B0
:10FB5400190043001218000000A0023C500F423468
:10FB64002110430000004290C000427C1600401067
:10FB740000000070201E197C0C00023419004300A0
:10FB84001218000000A0023C500F42342110430020
:10FB9400000042904001427C0B00401000000070C5
:10FBA400201E197C0C0002341900430012180000B6
:10FBB40000A0023C500F4234211843000000629020
:10FBC4004429027C000062A0201E197C0C0002342F
:10FBD400190043001218000000A0023C500F4234E8
:10FBE400211043000400422400004294FFFF4230ED
:10FBF4000600422C0300401400000070B331400F93
:10FC040000000070113F400B00000070201E197CA2
:10FC14000C000234190043001218000000A0023C3A
:10FC2400500F423421104300000042900000427CF7
:10FC34000300401000000070BF31400F000000704E
:0CFC44000000BF8F0800E0031C00BD277B
:10D128005F34400B0A20000086BF1E3C2005C283E6
:10D13800C000427C7034400B0100423086BF1E3C68
:10D148002101C283C001427C7034400B010042308F
:10D1580086BF1E3C2001C2834000427C7034400BD5
:10D16800010042307034400BFF0082307034400BB5
:10D17800FF0002342016197CEBFF401000000070FD
:10D18800201E197C01000234ECFF621000000070C0
:10D19800201E197C02000234EDFF621000000070AE
:10D1A800201E197C03000234EEFF6210000000709C
:10D1B8005D34400B000000700800E00300000070C0
:10EC7C00E0F9BD270000BFAF0400B9AF0800BAAF80
:10EC8C000C00BBAF4000B727DC05F626019D183CF5
:10EC9C002145400FB03418372006A28F03004014D2
:10ECAC00000000709E3C400B00000070DD29400FFE
:10ECBC000100193403004010000000709E3C400B12
:10ECCC000A1000001000A3272006A22704004224EB
:10ECDC00000062AC0A6000000A280000201E057CBF
:10ECEC002006A28F2110430000004290FF0042300A
:10ECFC004801401000000070201E057C2006A28FE9
:10ED0C002110430000004290FF00433025000234E4
:10ED1C0032016214000000700100A224205E027C0B
:10ED2C00201E027C2006A28F21104300453C400B84
:10ED3C001C06A2AF4000A32720160C7C21286200E1
:10ED4C001000A4270000838C04006224000082AC15
:10ED5C00000062900000A2A001008225783C400BCC
:10ED6C002066027C1000A4270000838C040062241F
:10ED7C00000082AC000062842800A327F4FFBD27AA
:10ED8C000800A2A7019D023C284C42340400A2AF0B
:10ED9C00C429400F0000A3AF0C00BD272800A427F6
:10EDAC004000A32720160C7C211062000AD08000A2
:10EDBC00EB29400F0AC840002800A2277E3F400FD5
:10EDCC000AC8400021108201783C400B2066027C6E
:10EDDC001000A4270000838C04006224000082AC85
:10EDEC00000062942800A327F4FFBD270800A2A707
:10EDFC00019D023C2B4C42340400A2AFC429400FAD
:10EE0C000000A3AF0C00BD272800A4274000A327B7
:10EE1C0020160C7C211062000AD08000EB29400FD8
:10EE2C000AC840002800A2277E3F400F0AC84000B5
:10EE3C0021108201923B400B2066027C1000A4271B
:10EE4C000000838C04006224000082AC0000628C01
:10EE5C001400A327F4FFBD270800A2AF019D023CBC
:10EE6C00144C42340400A2AFC429400F0000A3AFDD
:10EE7C000C00BD271400A4274000A32720160C7CEF
:10EE8C00211062000AD08000EB29400F0AC8400014
:10EE9C001400A2277E3F400F0AC8400021108201B7
:10EEAC00783C400B2066027C1000A4270000838C69
:10EEBC0004006224000082AC000062841400A327CA
:10EECC00F4FFBD270800A2A7019D023C3A4C423436
:10EEDC000400A2AFC429400F0000A3AF0C00BD2753
:10EEEC001400A4274000A32720160C7C21106200DC
:10EEFC000AD08000EB29400F0AC840001400A2275A
:10EF0C007E3F400F0AC8400021108201783C400B24
:10EF1C002066027C1000A4270000838C040062246D
:10EF2C00000082AC0000628C1400A327F4FFBD2704
:10EF3C000800A2AF019D023C1C4C42340400A2AF5D
:10EF4C00C429400F0000A3AF0C00BD271400A42758
:10EF5C004000A32720160C7C211062000AD08000F0
:10EF6C00EB29400F0AC840001400A2277E3F400F37
:10EF7C000AC8400021108201783C400B2066027CBC
:10EF8C001000A4270000838C04006224000082ACD3
:10EF9C00000060C41400A327F4FFBD270800A0E7FD
:10EFAC00019D023CDD4B42340400A2AFC429400F4A
:10EFBC000000A3AF0C00BD271400A4274000A3271A
:10EFCC0020160C7C211062000AD08000EB29400F27
:10EFDC000AC840001400A2277E3F400F0AC8400018
:10EFEC0021108201783C400B2066027C1000A42783
:10EFFC000000838C04006224000082AC000060C41A
:10F00C001400A327F4FFBD270800A0E7019D023CD4
:10F01C00374C42340400A2AFC429400F0000A3AF08
:10F02C000C00BD271400A4274000A32720160C7C3D
:10F03C00211062000AD08000EB29400F0AC8400062
:10F04C001400A2277E3F400F0AC840002110820105
:10F05C00783C400B2066027C1000A4270000838CB7
:10F06C0004006224000082AC0000628C1400A32710
:10F07C00F4FFBD270800A2AF019D023C344C423482
:10F08C000400A2AFC429400F0000A3AF0C00BD27A1
:10F09C001400A4274000A32720160C7C211062002A
:10F0AC000AD08000EB29400F0AC840001400A227A8
:10F0BC007E3F400F0AC8400021108201783C400B73
:10F0CC002066027C1000A4270000838C04006224BC
:10F0DC00000082AC0000648C3C00A4AF4000A3276D
:10F0EC0020160C7C211062000AD08000EB29400F06
:10F0FC000AC840007E3F400F3C00B98F21108201AE
:10F10C00783C400B2066027C1C06A48F0000829089
:10F11C00FF0043306300023406FF621000000070F1
:10F12C0000008290FF004330640002340DFF621037
:10F13C000000007000008290FF0043307500023424
:10F14C0023FF62100000007000008290FF0043302B
:10F15C006C00023439FF62100000007000008290D5
:10F16C00FF004330580002344FFF62100000007063
:10F17C0000008290FF0043305800023465FF62109B
:10F18C000000007000008290FF00433066000234E3
:10F19C007BFF62100000007000008290FF00433083
:10F1AC004600023491FF6210000000700000829053
:10F1BC00FF00433070000234A7FF621000000070A3
:10F1CC0000008290FF00433073000234BDFF6210D8
:10F1DC0000000070853C400B201E0B7C4000A327D8
:10F1EC0020160C7C21206200201E057C2006A28F9C
:10F1FC002110430000004290000082A001008225F3
:10F20C002066027C201E057C010062243A3B400BE8
:10F21C00202E027C4000A32720160C7C21106200BB
:10F22C0001004224000040A00100822520DE027C67
:10F23C000AD0600000A0193C0045400F002239376D
:10F24C0020160C7C81BF1E3C7011C2AF201E0C7CA2
:10F25C00062A400F000000700300401400000070EC
:10F26C00973C400B000000702016037C0C00BB8FF9
:10F27C000800BA8F0400B98F0000BF8F0800E003AC
:04F28C002006BD2774
:10A774002016197C060040140000007081BF1E3CA6
:10A784006010C28F00804230E929400BC2130200DE
:10A7940081BF1E3C2011C28F00804230C2130200D0
:08A7A4000800E0030000007052
:10A71000ECFFBD270000BFAF0400B9AF0800BAAF1F
:10A720000C00BBAF1400AA8F1000A3271800A227AB
:10A7300004004224000062AC0AD860001800BA8FFE
:10A740002305400F0AC84001201E027C2016027C0F
:10A7500021104201000040A02016037C0C00BB8F9A
:10A760000800BA8F0400B98F0000BF8F0800E00313
:04A770001400BD27ED
:10148C00D8FFBD270000BFAF0A2000000A18400398
:10149C00010042270AD0400000006290C5074010AE
:1014AC001000A2A31000A3932500023408006210C0
:1014BC00000000701000A293000022A3010022275C
:1014CC000AC84000010082242605400B2026027C1D
:1014DC000A2800000A3000005905400B000000707B
:1014EC000800C234FFFF4330010042270AD04000FD
:1014FC007405400BFFFF66300100C234FFFF433020
:10150C00010042270AD040007405400BFFFF6630F3
:10151C000200C234FFFF4330010042270AD04000D2
:10152C007405400BFFFF66300008C234FFFF4330E8
:10153C00010042270AD040007405400BFFFF6630C3
:10154C000400C234FFFF4330010042270AD04000A0
:10155C007405400BFFFF663000004293FF004330E0
:10156C002D000234DEFF6210000000700000429378
:10157C00FF00433020000234DFFF621000000070D7
:10158C0000004293FF0043302B000234E0FF621056
:10159C000000007000004293FF004330230002342F
:1015AC00E1FF62100000007000004293FF00433026
:1015BC0030000234E2FF6210000000707605400B30
:1015CC00000000703905400B000000700200C230B2
:1015DC000600401000000070FEFF02342410C20010
:1015EC00FFFF43307E05400BFFFF66300800C23022
:1015FC000500401000000070FBFF02342410C200F4
:10160C008505400BFFFF463000004293FF0042303F
:10161C000400B9AF4902400FFFFF593017004010CA
:10162C000400B98F8E05400B0A2800000A00023412
:10163C000218A27000004293FF0042302110620099
:10164C00D0FF4224202E027C010042270AD0400009
:10165C0000004290FF0042300400B9AF4902400F35
:10166C00FFFF5930F1FF40140400B98F0400A5A707
:10167C00202E047CB305400B0400A4870000429389
:10168C00FF0043302A0002340A006214000000708C
:10169C000000638F04006224000062AF00006284CB
:1016AC00201E027C010042270AD04000B105400BED
:1016BC002016037C2016057C202E047C2026027C20
:1016CC0000004293FF0043302E0002342F006214BE
:1016DC0000000070010042270AD040000000429038
:1016EC00FF0043302A0002340D0062140000007029
:1016FC000000638F04006224000062AF000062846B
:10170C00201E027C010042270AD040002016047CD7
:10171C002026057C202E037CE105400BFFFFC33007
:10172C000A38000000004293FF0042300400B9AFB9
:10173C004902400FFFFF59300B0040100400B98FD5
:10174C000A0002340218E27000004293FF0042309B
:10175C0021106200D0FF4224203E027C010042276F
:10176C00CC05400B0AD040002016047C2026057CBA
:10177C00202E077CFFFFC3302036047C2026057CFE
:10178C00202E027CED05400BFFFF67300A1800008D
:10179C000010C234FFFF4630FFFFC7302036057CF7
:1017AC00202E047C2026037C0A18400301004227CB
:1017BC000AD04000000062908406400B1000A2A3E7
:1017CC00F10C400B2016067C1000E234ED05400BAA
:1017DC00FFFF47300004E234C506400BFFFF4730E3
:1017EC002000E234FF05400BFFFF4330FFFFE330E6
:1017FC0000016234C506400BFFFF47300002E234A3
:10180C00C506400BFFFF47304000E234C506400BD5
:10181C00FFFF4730C506400B000000702000E2348B
:10182C000E06400BFFFF4330FFFFE33080006234B5
:10183C00C506400BFFFF47300000638F0400622495
:10184C00000062AF0000628C040040141C00A2AFC8
:10185C0000A0023C100842341C00A2AF2000A0A73C
:10186C002046057C2000A3971C00A28F211043006A
:10187C000000429005004010000000702000A2976C
:10188C00010042241C06400B2000A2A7202E067C3F
:10189C002036047CFFFFE4300700C010000000700D
:1018AC00201E067C2000A2972B1062000200401024
:1018BC00000000702000A6A7201E087C2000A29724
:1018CC002B10430005004010000000702000A29770
:1018DC00231002013B06400BFFFF46300A3000008C
:1018EC00080082301000401400000070201E067C9E
:1018FC00FFFFC224080060102036027C2000023456
:10190C00000022A3010022270AC840000100A224E3
:10191C003E06400B202E027C0400A4A72026057C4A
:10192C005006400B0400A5970400A5A7FFFF8530C7
:10193C000400A4872000A3972000A297FFFF422455
:10194C000C0060102000A2A71C00A28F0000429087
:10195C00000022A3010022270AC840001C00A28F0D
:10196C00010042241C00A2AF010082245006400B4F
:10197C002026027C0800A2300F00401000000070EE
:10198C00202E067C201E057CFFFFA2240800601080
:10199C00202E027C20000234000022A3010022270A
:1019AC000AC84000010082246406400B2026027CF9
:1019BC007106400B000000702605400B0000007003
:1019CC000000638F04006224000062AF0000628498
:1019DC001000A2A31000A2271C00A2AF0100023429
:1019EC002000A2A72046057C202E067C2036047CF5
:1019FC002906400BFFFFE430C000E234C506400B63
:101A0C00FFFF47301000A2936DFF401000000070E4
:101A1C001000A3936C0002346BFF62100000007086
:101A2C001000A3934C00023467FF6210000000709A
:101A3C001000A3936600023466FF62100000007071
:101A4C001000A3934500023465FF62100000007083
:101A5C001000A3936500023464FF62100000007054
:101A6C001000A3936700023464FF62100000007042
:101A7C001000A3936F00023463FF6210000000702B
:101A8C001000A3936400023462FF62100000007027
:101A9C001000A393690002345EFF62100000007016
:101AAC001000A393700002345CFF62100000007001
:101ABC001000A3935800023458FF6210000000700D
:101ACC001000A3937800023457FF621000000070DE
:101ADC001000A3937300023457FF621000000070D3
:101AEC001000A39363000234B5FF62100000007075
:101AFC001000A39375000234BFFF62100000007049
:101B0C007806400B000000700007E230070440101C
:101B1C00000000700010E230030040100000007064
:101B2C00CD06400B060004340000638F04006224D1
:101B3C00000062AF000061C41400A1E70A100000AD
:101B4C00000082443E000146030000450000007086
:101B5C00E106400B000000701400A1C70A10000041
:101B6C0000008244010001461400A0E70300E234A7
:101B7C00E106400BFFFF47301800A0A71400A1C7D7
:101B8C000A100000000082443208004603000045A1
:101B9C00000000702607400B000000701800A327FF
:101BAC001400A2270000428CC2150200FF00423034
:101BBC0082FF4224000062A41800A287FFFF432486
:101BCC001800A3A703000234021062701800A2A729
:101BDC00201E027C0A0002341A006200121000005F
:101BEC001800A2A72016027C000042280400401016
:101BFC00000000701800A287FFFF42241800A2A763
:101C0C001800A3870A100000231043000400B9AF8A
:101C1C005802400FFF0059300400B98F1400A1C7BF
:101C2C00020800461C00A0E71C00A1C7803F023C34
:101C3C0000004234000082443E000146030000458F
:101C4C00000000701A07400B000000701800A287FB
:101C5C00FFFF42242607400B1800A2A71C00A1C7B7
:101C6C002041023C00004234000082443C08004603
:101C7C0003000045000000702607400B00000070B8
:101C8C001800A287010042241800A2A71800A287FE
:101C9C0001004228040040100000007001000234D2
:101CAC002F07400B1000A2A31800A2871000A2A3BC
:101CBC000001E23013004014000000700002E2301A
:101CCC000E004010000000701800A287FCFF422894
:101CDC000800401400000070201E047C1800A2872D
:101CEC002A10430003004010000000704207400B14
:101CFC00000000704407400B000000700609400B08
:101D0C000000007008008010000000700002E2303B
:101D1C000800401000000070FFFF8224201E027C8F
:101D2C004E07400B2046037C2046047C5107400B99
:101D3C00000000702046047CFFFF02310900422C99
:101D4C000400401400000070080002345907400BD6
:101D5C001000A2A31000A8A31400A1C70A10000031
:101D6C000000824432080046030000450000007069
:101D7C00B207400B000000700400B9AF5802400FCE
:101D8C001800B9871400A1C7030800461400A0E787
:101D9C001000A3930A100000231043005802400FB8
:101DAC00FF0059300400B98F1400A1C74308004646
:101DBC001400A1E706080046240000460000024477
:101DCC00000082440000E0442000A0464108004688
:101DDC00003F023C00004234000082443C080046B4
:101DEC0003000045000000708507400B00000070E8
:101DFC001400A1C7003F023C0000423400008244A2
:101E0C00000800461400A0E71400A0C724000046F8
:101E1C00000004441000A293010042242016027C0E
:101E2C0080180200019D023C90484234211043006E
:101E3C000000428C2B1082000B004014000000703C
:101E4C001400A1C7CC3D023CCDCC423400008244EE
:101E5C00020800461400A0E71800A28701004224E3
:101E6C00B207400B1800A2A71400A0C7240000461C
:101E7C00000004441000A29380180200019D023C53
:101E8C0090484234211043000000428C2B108200F9
:101E9C000A004010000000701400A1C72041023C51
:101EAC000000423400008244020800461400A0E7FF
:101EBC001800A287FFFF42241800A2A70002E230FC
:101ECC0034004010000000700008E230360040146E
:101EDC00000000702016087C0B00422804004014FF
:101EEC00000000700A000234C007400B2026027C60
:101EFC002026087C1400A0C72400004600000244E1
:101F0C001C00A2AF1C00A28F0F004010000000703C
:101F1C001C00A38F0A0002341B006200101000008A
:101F2C000900401400000070FFFF82242026027C70
:101F3C001C00A38F0A0002341B0062001210000068
:101F4C00C407400B1C00A2AF201E047C1000A293FF
:101F5C002A1062000B004010000000701000A293C9
:101F6C00231044000400B9AF5802400FFF00593051
:101F7C000400B98F1400A1C7030800461400A0E7A1
:101F8C001000A4A32016057C201E047CEB07400B3C
:101F9C00FFFFE430201E087CFFFFE4302016057C98
:101FAC00EF07400B202E027C201E087CFFFFE43044
:101FBC00050062242310A20006006014202E027C6F
:101FCC00000882300300401400000070FA07400B38
:101FDC0000000070FFFFA224202E027C0300823040
:101FEC000400401000000070FFFFA2240008400B0A
:101FFC00202E027C04008230310040100000007062
:10200C00020082301000401000000070010082308D
:10201C0004004010000000702D0002340E08400B2C
:10202C000800A2A32B0002340800A2A30800A2936C
:10203C00000022A3010022270AC840000100C2248C
:10204C002208400B2036027C01008230090040102F
:10205C000000007020000234000022A3010022279F
:10206C000AC840000100C2242036027C2108400B23
:10207C002016067C2016067C2036027C2016057C59
:10208C00010042280A0040140000007030000234A5
:10209C00000022A3010022270AC840000100C2242C
:1020AC002036027CFFFFA2242208400B202E027C4B
:1020BC00203E067CFFFF86306908400B2026037CFF
:1020CC00080082301200401400000070203E067C94
:1020DC00FFFF86302016057C010042280A004014C0
:1020EC000000007020000234000022A3010022270F
:1020FC000AC840000100E224203E027CFFFFA2241B
:10210C003808400B202E027C4908400B0000007060
:10211C00203E067CFFFF86300200C23010004010CB
:10212C00000000700100C23004004010000000707C
:10213C002D0002345408400B0900A2A32B000234DA
:10214C000900A2A30900A293000022A301002227E8
:10215C000AC840000100E2246808400B203E027CC3
:10216C000100C23009004010000000702000023451
:10217C00000022A3010022270AC840000100E2242B
:10218C002026027C6708400B2016047C2016077C56
:10219C00203E027C2026037C1400A0C724000046AD
:1021AC00000002441C00A2AF1000A2938018020091
:1021BC00019D023C90484234211043000000438CA6
:1021CC001C00A28F1B0043001210000030004224A0
:1021DC00000022A3010022270AC840000100E224CB
:1021EC0006008014201E027C0008C230030040143C
:1021FC0000000070B208400B000000702E0002348A
:10220C00000022A3010022270AC84000010062241A
:10221C00203E027C1000A293231082002026027C18
:10222C001000A29317004010000000701000A29341
:10223C00FFFF42241000A2A3FF00423080180200CE
:10224C00019D023C90484234211043000000438C15
:10225C001C00A28F1B004300121800000A0002345D
:10226C001B0062001010000030004224000022A36A
:10227C00010022270AC840000100E2248B08400B11
:10228C00203E027C201E047C2026077C0A00601065
:10229C000000007030000234000022A3010022274D
:1022AC000AC84000010082242026027CFFFF622421
:1022BC00A608400B201E027C201E047C2000C2308D
:1022CC00080040100000007045000234000022A3FA
:1022DC00010022270AC8400001006224C208400BFA
:1022EC002026027C65000234000022A30100222774
:1022FC000AC84000010062242026027C1800A28734
:10230C00000042280C004010000000701800A38749
:10231C000A100000231043001800A2A72D0002345D
:10232C00000022A3010022270AC8400001008224D9
:10233C00D708400B203E027C2B000234000022A365
:10234C00010022270AC8400001008224203E027CA2
:10235C001800A3870A0002341A0062001210000051
:10236C0030004224000022A3010024270AC8800068
:10237C000100E224203E027C1800A3870A000234EC
:10238C001A0062001010000030004224000082A0ED
:10239C00010022270AC840000100E224201E027C12
:1023AC000800C23013004010000000702016057C9D
:1023BC000100422812004014000000702026037C0B
:1023CC00F508400B201E057C20000234000022A3DF
:1023DC00010022270AC84000010082242026027C2A
:1023EC00FFFF6224F8FF4014201E027C0109400B01
:1023FC002016047C2016037C0409400B2026027C4A
:10240C002026037C2605400B000000700002E23001
:10241C0055004010000000701800A28700004228F0
:10242C0006004010000000701800A287FFFF422435
:10243C00231082001209400B2026027C1400A0C736
:10244C0024000046000002441C00A2AF010002342C
:10245C001000A2A31000A3930A0002341100621012
:10246C00000000701000A29380180200019D023C35
:10247C0090484234211043000000438C1C00A28F72
:10248C002B10430003004010000000702C09400B7F
:10249C00000000701000A293010042241809400BA8
:1024AC001000A2A31000A293231082002026027C0D
:1024BC001C00A0C70000E0446000A0461400A0C7A8
:1024CC00010001462400A0E70400B9AF5802400FF8
:1024DC0020CE027C0400B98F2400A1C7420800461C
:1024EC00003F023C000042340000824400080046D9
:1024FC0024000046000002441C00A2AF0400A4A764
:10250C002026057C202E067CFFFFE6300400A787E2
:10251C000F00E010000000701C00A38F0A000234B2
:10252C001B00620010100000090040140000007035
:10253C001C00A38F0A0002341B0062001210000062
:10254C001C00A2AFFFFFE2244709400B203E027C97
:10255C000400A7A7FFFFC7302036057C202E047C83
:10256C005D09400B0400A4872016047C0D00422852
:10257C0008004010000000700400B9AFCB01400F00
:10258C0020CE047C0400B98F1400A1C700080046BB
:10259C001400A0E71400A1C70A1000000000824438
:1025AC003208004603000045000000709A09400BF9
:1025BC00000000701400A0C7240000460000024474
:1025CC0026004014000000701800A2870200422868
:1025DC0022004014000000700400B9AF5802400FF4
:1025EC001800B9870400B98F1400A1C7430800462E
:1025FC008940023C5F704234000082443E00014638
:10260C0003000045000000708B09400B00000070B7
:10261C001800A287F7FF42248E09400B1800A2A7CE
:10262C001800A287F8FF42241800A2A70400B9AF33
:10263C005802400F1800B9870400B98F1400A1C7C5
:10264C000308004624000046000002441C00A2AF10
:10265C000A100000A509400B1400A2AF1400A0C77B
:10266C0024000046000002441C00A2AF1C00A0C7BE
:10267C000000E0446000A0461400A0C70100014621
:10268C001400A0E71800A0A7010002341000A2A3B8
:10269C000400A5A7FFFFE5300400A7871000A39353
:1026AC000A00023411006210000000701000A293A6
:1026BC0080180200019D023C9048423421104300D6
:1026CC000000438C1C00A28F2B1043000300401011
:1026DC0000000070BE09400B000000701000A293B7
:1026EC0001004224AA09400B1000A2A31000A293DF
:1026FC00211882001800A287211062002310E2002A
:10270C00201E027C0008A23005004014000000705E
:10271C000300801400000070CD09400B0000007015
:10272C00FFFF6224201E027C0300A2300400401034
:10273C0000000070FFFF6224D309400B201E027CB6
:10274C000400A23032004010000000700200A230E1
:10275C0010004010000000700100A2300400401076
:10276C00000000702D000234E109400B0A00A2A306
:10277C002B0002340A00A2A30A00A293000022A399
:10278C00010022270AC840000100C224F509400BB1
:10279C002036027C0100A2300900401000000070BD
:1027AC0020000234000022A3010022270AC84000A6
:1027BC000100C2242036027CF409400B2016067C52
:1027CC002016067C2036027C2016037C0100422851
:1027DC000A0040140000007030000234000022A3F4
:1027EC00010022270AC840000100C2242036027CC6
:1027FC00FFFF6224F509400B201E027C203E067C64
:10280C002036047CFFFFA4303E0A400B202E037CB4
:10281C000800A23012004014000000702016037C47
:10282C00010042280A00401400000070200002340D
:10283C00000022A3010022270AC840000100C22484
:10284C002036027CFFFF62240A0A400B201E027C09
:10285C000400A5A7202E047C1E0A400B0400A4979C
:10286C000400A4A7FFFFA4300400A5870200823057
:10287C000F00401000000070010082300400401076
:10288C00000000702D000234290A400B0B00A2A39B
:10289C002B0002340B00A2A30B00A293000022A376
:1028AC00010022270AC840003B0A400B0100C22449
:1028BC00010082300900401000000070200002343A
:1028CC00000022A3010022270AC840000100C224F4
:1028DC002036027C3B0A400B2016067C2016067C18
:1028EC002036057C202E037C203E027C1000A39316
:1028FC001000A293FFFF4224140060101000A2A34A
:10290C001000A29380180200019D023C90484234B2
:10291C00211043000000438C1C00A28F1B004300BD
:10292C00121800000A0002341B0062001010000094
:10293C0030004224000022A3010022270AC84000D4
:10294C000100E2243E0A400B203E027C201E067C45
:10295C001800A287010042280B00401400000070F0
:10296C0030000234000022A3010022270AC84000D4
:10297C000100E224203E027C1800A287FFFF4224C3
:10298C00570A400B1800A2A72016037C0900422806
:10299C000400401400000070080002346D0A400B63
:1029AC001000A2A31000A3A31000A2932310620096
:1029BC002036027C1000A293060040140000007028
:1029CC000008823003004014000000707E0A400BA7
:1029DC00000000702E000234000022A30100222708
:1029EC000AC840000100E224203E027C0400B9AF7A
:1029FC005802400F1000B9930400B98F1400A1C7FE
:102A0C000208004624000046000002441C00A2AF4D
:102A1C000400A6A7FFFF86300400A4871000A29331
:102A2C0017004010000000701000A293FFFF42241A
:102A3C001000A2A3FF00423080180200019D023C4E
:102A4C0090484234211043000000438C1C00A28F9C
:102A5C001B004300121800000A0002341B00620025
:102A6C001010000030004224000022A30100222795
:102A7C000AC840000100E2248A0A400B203E027C76
:102A8C000400A5A7FFFFC3302036077C202E047C52
:102A9C000400A4870A00A01000000070300002346B
:102AAC00000022A3010022270AC840000100C22412
:102ABC002036027CFFFFA224A80A400B202E027CA9
:102ACC000800623013004010000000702016047CD7
:102ADC00010042281200401400000070201E047CEB
:102AEC00BD0A400B2026067C20000234000022A3E5
:102AFC00010022270AC84000010082242026027C03
:102B0C00FFFF6224F8FF4014201E027CC90A400B10
:102B1C002016047C2016067CCC0A400B2026027C56
:102B2C002026067C2605400B00000070C000E23019
:102B3C00FFFF42301D004014000000701000E23016
:102B4C0007004010000000700000638F0400622436
:102B5C00000062AF0000628CE10A400B1C00A2AFC7
:102B6C000000638F04006224000062AF00006284E6
:102B7C002016027C1C00A2AF1C00A28F0000422871
:102B8C0008004010000000700300E234FFFF4730E3
:102B9C001C00A38F0A10000023104300EC0A400B0A
:102BAC001C00A2AFFD0A400B000000701000E230C8
:102BBC0007004010000000700000638F04006224C6
:102BCC00000062AF0000628CFD0A400B1C00A2AF3B
:102BDC000000638F04006224000062AF0000629466
:102BEC00FFFF42301C00A2AF2016047C08004014EA
:102BFC00000000701C00A28F080040140000007040
:102C0C0001008224201E027C080B400B204E037C0A
:102C1C00204E047C0B0B400B00000070204E047CFB
:102C2C00C000E230640B400BFF0044300100023462
:102C3C001000A2A30400A7A72046057C202E097C27
:102C4C00203E067C0400A6971000A3930A000234D1
:102C5C0011006210000000701000A2938018020096
:102C6C00019D023C90484234211043000000438CEB
:102C7C001C00A28F2B1043000300401000000070BA
:102C8C00290B400B000000701000A293010042249D
:102C9C00150B400B1000A2A3FFFFC430760B400BAA
:102CAC002036077C010002341000A2A32046097CC8
:102CBC001000A39308000234110062100000007091
:102CCC001000A29380180200019D023CB8484234C7
:102CDC00211043000000438C1C00A28F2B104300DA
:102CEC000300401000000070430B400B000000700C
:102CFC001000A293010042242F0B400B1000A2A342
:102D0C000400A5A7202E087CFFFFE430760B400BB7
:102D1C000400A887010002341000A2A32046097CFD
:102D2C001000A3930C00023411006210000000701C
:102D3C001000A29380180200019D023C0C48423402
:102D4C00211043000000438C1C00A28F2B10430069
:102D5C0003004010000000705F0B400B000000707F
:102D6C001000A293010042244B0B400B1000A2A3B5
:102D7C000400A5A7202E087CFFFFE430760B400B47
:102D8C000400A887FF008230A8FF401000000070EC
:102D9C00FF008330C0000234A4FF621000000070FA
:102DAC00FF00833080000234BEFF62100000007010
:102DBC00FF00833040000234D6FF62100000007028
:102DCC002046057C202E097CFFFFE430201E057C6C
:102DDC001000A2932A104300030040100000007062
:102DEC00850B400B1000A5A3201E057C1000A293A0
:102DFC002A10620004004010000000701000A29322
:102E0C00850B400B202E027C080000110000007086
:102E1C00030082300800401000000070FFFF022504
:102E2C00201E027C8F0B400B203E037C203E087C36
:102E3C00920B400B00000070203E087C201E077C8B
:102E4C002016057C2A10430004004010000000707E
:102E5C002310E5009B0B400B203E027C0A3800003F
:102E6C00C4088230FFFF433040080234090062146A
:102E7C00000000700500E01000000070FFFFE2246D
:102E8C00201E027CA60B400B203E037CB60B400B95
:102E9C0000000070C0088230FFFF4330800802340D
:102EAC000A006214000000702016077C0300422800
:102EBC000300401400000070B40B400BFEFFE22432
:102ECC000A100000B60B400B203E027C040082303E
:102EDC005000401000000070020082300F004010C3
:102EEC0000000070010082300400401000000070EF
:102EFC002D000234C40B400B0C00A2A32B00023497
:102F0C000C00A2A30C00A293000022A30100222714
:102F1C000AC84000EF0B400B0100C22401008230B4
:102F2C00070040100000007020000234000022A3B3
:102F3C00010022270AC84000EF0B400B0100C224FD
:102F4C00C0088230FFFF433080080234170062143F
:102F5C000000007030000234000022A30100222780
:102F6C000AC840000100C224201E027C20008230CE
:102F7C00040040100000007058000234E60B400BB7
:102F8C000D00A2A3780002340D00A2A30D00A293A1
:102F9C00000022A3010022270AC84000010062247D
:102FAC00201E027CEF0B400B2016037C2016067CA7
:102FBC001300E01000000070FFFF83302036057C0A
:102FCC00F60B400B2046027C203E097C300002347C
:102FDC00000022A3010022270AC84000010002259C
:102FEC002046027CFFFFE224F7FF4014204E027CB7
:102FFC00202E067C203E097C040C400B2016087CFD
:10300C00FFFF83302026057C202E027C6B0C400BAE
:10301C00FFFF66301500E0100000007008008230E1
:10302C001600401400000070201E057C110C400B93
:10303C00202E067C203E067C20000234000022A3B9
:10304C00010022270AC840000100A224202E027C85
:10305C00FFFFE224F7FF40142036027C2016037C8D
:10306C00201E057C200C400B203E067C2016057C87
:10307C00201E067C230C400B202E027C201E067C7E
:10308C0002008230100040100000007001008230FD
:10309C0004004010000000702D0002342E0C400B78
:1030AC000E00A2A32B0002340E00A2A30E00A293CA
:1030BC00000022A3010022270AC84000010062245C
:1030CC00410C400B2036027C01008230090040107C
:1030DC000000007020000234000022A3010022270F
:1030EC000AC8400001006224201E027C410C400BE7
:1030FC002036037C2036037CC0088230FFFF43302F
:10310C0040080234070062140000007030000234E2
:10311C00000022A3010022270AC84000680C400BC3
:10312C000100C224C0088230FFFF43308008023403
:10313C00170062140000007030000234000022A35B
:10314C00010022270AC840000100C224201E027C74
:10315C00200082300400401000000070580002343F
:10316C005F0C400B0F00A2A3780002340F00A2A347
:10317C000F00A293000022A3010022270AC84000DE
:10318C0001006224201E027C680C400B2016037C7C
:10319C002016067CFFFF86302026057C202E027C24
:1031AC00201E047C1000A2932A104300080040103B
:1031BC000000007030000234000022A3010022271E
:1031CC000AC840000100A2246B0C400B202E027C8C
:1031DC00201E047CFFFF82245B0060102046027CD2
:1031EC00C000C230BE0C400BFF0044302016087CDF
:1031FC0080180200019D023C90484234211043008B
:10320C000000438C1C00A28F1B004300121800000E
:10321C000A0002341B00620010100000300042242F
:10322C00CD0C400B1000A2A32000C23011004010A6
:10323C00000000702016087C80180200019D023CE2
:10324C00B8484234211043000000438C1C00A28F6C
:10325C001B004300121000000F004330019D023C84
:10326C00DD4A42342110430000004290AF0C400B69
:10327C001000A2A32016087C80180200019D023CBD
:10328C00B8484234211043000000438C1C00A28F2C
:10329C001B004300121000000F004330019D023C44
:1032AC00FF4A423421104300000042901000A2A3B8
:1032BC00CD0C400B000000702016087C801802001A
:1032CC00019D023C0C484234211043000000438C09
:1032DC001C00A28F1B00430012100000070042309C
:1032EC0030004224CD0C400B1000A2A3FF00823012
:1032FC00BEFF401000000070FF008330C00002349D
:10330C00BAFF621000000070FF00833080000234AE
:10331C00C5FF621000000070FF00833040000234D3
:10332C00E5FF6210000000701000A293000022A3C1
:10333C00010022270AC840000100A224202E027C92
:10334C00770C400B2026087C0800C230130040107C
:10335C00000000702016077C010042281200401467
:10336C00000000702026057CDF0C400B201E077C23
:10337C0020000234000022A3010022270AC84000CA
:10338C00010082242026027CFFFF6224F8FF4014F7
:10339C00201E027CEB0C400B2016047C2016057CB6
:1033AC00EE0C400B2026027C2026057C2605400BCB
:1033BC00000000702016047C0000BF8F0800E003A2
:0433CC002800BD27F1
:10092400FCFFBD27FF0022333A00422C0700401091
:1009340000000070FF0022333000422C03004014FA
:10094400000000705502400B010002340A10000040
:0C095400FF0042300800E0030400BD2753
:10096000FCFFBD272014197C0000422851004010D4
:10097000000000700A10000023105900FF005930D9
:100980002014027C6E0042282800401400000070F1
:10099000201C197C640002341A006200121000004E
:1009A0002014027C120042242016027C80180200CF
:1009B000019D023CA447423421104300000041C481
:1009C000640002341A00220310100000201C027C74
:1009D0000A0002341A006200121000002014027C87
:1009E000090042242016027C80180200019D023C6E
:1009F000A447423421104300000040C4420800468E
:100A00000A0002341A002203101000002014027C95
:100A100080180200019D023CA4474234211043008B
:100A2000000040C4F902400B020800462014197C63
:100A30000B0042281800401400000070201C197C94
:100A40000A0002341A006200121000002014027C16
:100A5000090042242016027C80180200019D023CFD
:100A6000A447423421104300000041C40A0002346C
:100A70001A002203101000002014027C80180200CB
:100A8000019D023CA447423421104300000040C4B1
:100A9000F902400B020800462014197C801802005D
:100AA000019D023CA447423421104300F902400B4F
:100AB000000040C42014197C6E0042282800401415
:100AC00000000070201C197C640002341A006200CF
:100AD000121000002014027C120042242016027C16
:100AE00080180200019D023CD84742342110430087
:100AF000000041C4640002341A00220310100000F8
:100B0000201C027C0A0002341A006200121000004D
:100B10002014027C090042242016027C8018020066
:100B2000019D023CD847423421104300000040C4DC
:100B3000420800460A0002341A0022031010000086
:100B40002014027C80180200019D023CD8474234E8
:100B500021104300000040C4F902400B0208004687
:100B60002014197C0B00422818004014000000706B
:100B7000201C197C0A0002341A00620012100000C6
:100B80002014027C090042242016027C80180200F6
:100B9000019D023CD847423421104300000041C46B
:100BA0000A0002341A002203101000002014027CF4
:100BB00080180200019D023CD847423421104300B6
:100BC000000040C4F902400B020800462014197CC2
:100BD00080180200019D023CD84742342110430096
:0C0BE000000040C40800E0030400BD2732
:10072C00FCFFBD27FF0022336E00422C2C0040142E
:10073C0000000070FF002333640002341B006200D1
:10074C0012100000FF004230120042242016027CDE
:10075C0080180200019D023CA44742342110430042
:10076C00000041C4003F023C0000423400008244BF
:10077C0042000146640002341B00220310100000EA
:10078C00FF0043300A0002341B006200121000000C
:10079C00FF004230090042242016027C801802001F
:1007AC00019D023CA447423421104300000040C488
:1007BC00420800460A0002341B00220310100000FD
:1007CC00FF00423080180200019D023CA4474234D5
:1007DC0021104300000040C42402400B02080046D4
:1007EC00FF0022330B00422C1C0040140000007050
:1007FC00FF0023330A0002341B00620012100000B9
:10080C00FF004230090042242016027C80180200AE
:10081C00019D023CA447423421104300000041C416
:10082C00003F023C0000423400008244420001467A
:10083C000A0002341B00220310100000FF0042309B
:10084C0080180200019D023CA44742342110430051
:10085C00000040C42402400B02080046FF00223373
:10086C0080180200019D023CA44742342110430031
:10087C00000041C4003F023C0000423400008244AE
:0C088C00020001460800E0030400BD2744
:10A7AC00FCFFBD270A182003000062900400401033
:10A7BC000000007001006224ED29400B0A184000D3
:10A7CC000A206000010062240A2840000A18400395
:10A7DC00010042270AD0400000006290000082A0D5
:10A7EC00000082900300401000000070F329400B21
:10A7FC000A18A0000A1020030800E0030400BD277B
:10FDF800FCFFBD270A2020030A1880000100822486
:10FE08000A204000000062900300401000000070CB
:10FE1800803F400B0000007023109900FFFF422430
:08FE28000800E0030400BD27FF
:020000041D01DC
:10140000FCFFBD270A1820031200601300000070C3
:10141000FFFF622720DE027C0A20600001006224B8
:101420000A2840000A184003010042270AD0400061
:1014300000006290000082A000008290030040142F
:10144000000000701645400B0A20A0000245400B2A
:101450000A18A0000A206000201E1B7CFFFF6227E4
:101460000500601020DE027C000080A001008224C4
:101470001645400B0A2040000A1020030800E00334
:041480000400BD2780
:020000041D00DD
:10A818008000023481BF1E3C2811C2AF81BF1E3C9C
:10A828002011C28F80004230C21102000800E003EC
:04A8380000000070AC
:020000041D01DC
:10148400FCFFBD2700001E830000FEA20100F7261A
:10149400FCFFF616010018270800E0030400BD272E
:020000041D00DD
:10C6CC00201E197C0C0002341900430012180000C3
:10C6DC0000A0023C500F423421184300000062902D
:10C6EC004408027C000062A00800E0030000007017
:10C6FC00201E197C0C000234190043001218000093
:10C70C0000A0023C500F423421104300040042248C
:10C71C00000040A4201E197C0C00023419004300B8
:10C72C001218000000A0023C500F423421104300AC
:10C73C0006004224000040A40800E0030000007042
:020000041D01DC
:1014A40000A01E3C0426C2870800E0030000007070
:100AC400D0FFBD270000BFAF0400BAAFD444400B31
:100AD4000800BBAF0A28000000A01E3C7E29C28784
:100AE400010042281C0040140000007000A01E3CBD
:100AF4007E29C387E8030234021062702026027C38
:100B0400201E057C2016047C2A1062001000401070
:100B140000000070289022904218020086BF1E3CFC
:100B24003100C2834408627C86BF1E3C3100C2A3EC
:100B34000100183C6A041837FFFF1827FEFF00174E
:100B4400000000700100A224C142400B202E027C50
:100B5400F342400B0000007000A01E3C7C29C287B9
:100B640001004228180040140000007000A01E3C40
:100B74007C29C2870A204000201E057C2016047CA4
:100B84002A1062001000401000000070289022908B
:100B94004218020086BF1E3C3100C2834408627CB6
:100BA40086BF1E3C3100C2A30100183C6A041837FA
:100BB400FFFF1827FEFF0017000000700100A224A9
:100BC400DF42400B202E027C86BF1E3C3100C283D4
:100BD4004408027C86BF1E3CFA44400B3100C2A389
:100BE40000A01E3C1029C3870200023408006210D2
:100BF4000000007000A01E3C1029C38714000234BA
:100C04000300621000000070FB44400BFFFF02343D
:100C140000A01E3C1029C387140002341A00621479
:100C2400000000700C00B9A700A01A3C50295A37E4
:100C340000A01E3CC430400F7C29D987030040101B
:100C44000C00B987FB44400B0100023400A01E3C99
:100C54000E29C287010042280900401400000070D8
:100C64000C00B9A710001B3400A01A3C50295A37B5
:100C740000A0193C9501400F302939370C00B98781
:100C84008043400B0000007000A01E3C7C29C287FA
:100C9400FFFF4224FF0042302016027C8010020035
:100CA400201E027C0A2000000C00A4A70E00A3A7AB
:100CB4003033400F1000B9A71000B9870E00A38786
:100CC4000C00A487202E027C0A300000203E037C06
:100CD4002046047C2016067C030042283A0040107B
:100CE40000000070201E057C2016067C07104300BF
:100CF400010042302016027C2500401400000070E0
:100D0400010002252026027C2016027C03004228D2
:100D140003004014000000707343400B0000007097
:100D24002016077C8018020000A0023C0000423418
:100D3400211043000000428C1800A2AF1C00A3271E
:100D44002016067C80100200211062002C00A2AF45
:100D54000C00A4A70E00A7A71000A5A71200A6A721
:100D64001400B9A78F12400F1800B98F1400B98767
:100D74001200A6871000A5870E00A7870C00A48781
:100D84002C00A28F000040E46E43400B2046047CFC
:100D94001C00A3272016067C802002002118640072
:100DA40000A0023C5029423421104400000040C4F9
:100DB400000060E40100E224203E027C0100C22421
:100DC4003643400B2036027C1C00A2270C00B9A736
:100DD4000AD0400000A01E3CC430400F7C29D987B3
:100DE4001C00A22710001B340AD0400000A0193CAC
:100DF4009501400F302939370C00B987FA44400B6C
:100E0400000000703033400F0C00B9A70C00B98704
:100E14005C0040102036027C0A2800002016057C65
:100E2400040042285700401000000070201E057C7A
:100E340001000234041062002410C2002016027C57
:100E4400250040100000007000A01E3C0529C2933C
:100E540013004010000000702016057C8020020062
:100E640000A0023C502942342118440000A0023C56
:100E74003029423421104400000041C400A0023C47
:100E84004029423421104400000040C44008004678
:100E9400000060C400000146B543400B000060E45C
:100EA4002016057C8018020000A0023C5029423420
:100EB4002120430000A0023C202942342110430099
:100EC400000041C4000080C400000146000080E42A
:100ED400C143400B000000702016057C80200200F6
:100EE40000A0023C502942342118440000A0023CD6
:100EF4002029423421104400000040C4000060E472
:100F04002016057C8018020000A0023C50294234BF
:100F140021104300000040C40C00A6A70E00A5A7A2
:100F24001000B9A720CE057C14A82DC4F332400FBD
:100F3400060300461000B9870E00A5870C00A6879B
:100F44002026057C201E067C0C00A4A70E00A3A767
:100F54001000B9A72C38400F20CE047C1000B987AC
:100F64000E00A387030040100C00A487D343400B5A
:100F74000000007001008224202E027C8843400B74
:100F84002036037C0A000534201E197C200002341C
:100F94000300621400000070E943400B0B000534A9
:100FA4002016057C801002002036027C0A200000F6
:100FB4002016047C04004228460040100000007003
:100FC4002016067C8018020000A0023C0000423477
:100FD400211043000000428C0A3840002016057C92
:100FE4004019020000A0023C00364234211843009C
:100FF4002016047C80100200211062002C00A2AF95
:101004000C00A5A70E00A6A71000A4A71200B9A75C
:101014008F12400F0AC8E0001200B9871000A4879D
:101024000E00A6870C00A5872C00A28F000040E4C8
:101034000100C2242036027C2016057C40190200DF
:1010440000A0023C00364234211843002016047CE0
:101054008010020021106200000040C40C00A6A70A
:101064000E00A5A71000A4A71200B9A720CE047CE7
:1010740014A82DC4F332400F060300461200B987AA
:101084001000A4870E00A5870C00A687201E067CEE
:101094000C00A4A70E00A5A71000A3A71200B9A7CF
:1010A4002C38400F20CE047C1200B9871000A3878F
:1010B4000E00A587030040100C00A4872544400BB4
:1010C40000000070010082242026027CED43400BC6
:1010D4002036037CFA44400B000000700A000434FC
:1010E400201E197C06000234030062140000007004
:1010F4004044400B0B000234FFFF82300C00B9A7C0
:1011040000A01A3C20295A37C430400FFFFF593041
:10111400FA44400B0C00B9873033400F0C00B9A7D8
:101124000C00B987202E027C0A3000002016067CB1
:10113400030042283D00401000000070201E067C81
:1011440001000234041062002410A2002016027C64
:10115400330040100000007000A01E3C0429C2931C
:10116400250040140000007000A01E3C0529C29315
:1011740013004014000000702016067C802002003A
:1011840000A0023C502942342118440000A0023C33
:101194003029423421104400000041C400A0023C24
:1011A4004029423421104400000040C44008004655
:1011B400000060C4000001467D44400B000060E470
:1011C4002016067C8018020000A0023C50294234FC
:1011D4002120430000A0023C202942342110430076
:1011E400000041C4000080C400000146000080E407
:1011F4008944400B000000702016067C8020020009
:1012040000A0023C502942342118440000A0023CB2
:101214002029423421104400000040C4000060E44E
:101224000100C2244C44400B2036027CFA44400B9B
:10123400000000700A000434201E197C40000234AF
:1012440003006214000000709644400B0B0002344B
:101254002016047C0C00B9A700A01A3C20295A3798
:10126400C430400F20CE027CFA44400B0C00B987F6
:101274003033400F0C00B9A70C00B98706004014A6
:10128400202E027C0C00B9A72338400F0600193425
:10129400CA44400B0C00B9870A3000002016067CB3
:1012A400030042281F00401000000070201E067C2E
:1012B40001000234041062002410A2002016027CF3
:1012C40015004010000000702016067C80200200EB
:1012D40000A0023C402942342118440000A0023CF2
:1012E4002029423421104400000041C400A0023CE3
:1012F4003029423421104400000040C44108004613
:1013040000A0023C5029423421104400000040C493
:1013140001080046000060E40100C224A844400B18
:101324002036027C0C00B9A710001B340AD0000040
:1013340000A0193CBE40400F40293937FA44400B05
:101344000C00B987FA44400BFFFF1934201E197CA6
:1013540002000234DFFD621000000070201E197CC0
:10136400040002341EFE621000000070201E197C6E
:1013740008000234A3FE621000000070201E197CD5
:10138400200002349FFE621000000070201E197CB1
:101394001000023451FF621000000070201E197CFE
:1013A400350002345CFF621000000070201E197CBE
:1013B400400002349FFF621000000070201E197C60
:1013C40080000234AAFF621000000070201E197C05
:1013D40000010234D3FF621000000070D244400BBD
:1013E400000000702016197C0800BB8F0400BA8F1F
:0C13F4000000BF8F0800E0033000BD27A0
:020000041D00DD
:10C31000D8FFBD270000BFAF0400B9AF1400B72796
:10C320001000F626019D183C2145400F344B18376C
:10C330001BBD023C00C042340C8822AC032A400FD3
:10C340002026197C0F004014000000700800A4A7EC
:10C35000C819400F0C88398C0800A4872303400FAC
:10C3600020CE027C0800A4A70C00BAAF00A0193CA4
:10C370003719400F0C0839370C00BA8F0800A48712
:10C38000068822A406882294030040100000007052
:10C390008E31400B068822941631400B000000704D
:10C3A0004531400B000000701BBD023C00C0423410
:10C3B0004531400B0C8822AC1BBD023C10C04234FE
:10C3C0004531400B0C8822AC1BBD023C20C04234DE
:10C3D0004531400B0C8822AC1BBD023C30C04234BE
:10C3E0004531400B0C8822AC1BBD023C40C042349E
:10C3F0004531400B0C8822AC1BBD023C50C042347E
:10C400004531400B0C8822AC1BBD023C60C042345D
:10C410004531400B0C8822AC1BBD023C70C042343D
:10C420004531400B0C8822AC1BBD023C80C042341D
:10C430004531400B0C8822AC1BBD023C90C04234FD
:10C440004531400B0C8822AC1BBD023CA0C04234DD
:10C450004531400B0C8822AC2016047CD0FF4010E4
:10C4600000000070201E047C01000234CEFF621028
:10C4700000000070201E047C02000234CEFF621017
:10C4800000000070201E047C03000234CEFF621006
:10C4900000000070201E047C04000234CEFF6210F5
:10C4A00000000070201E047C05000234CEFF6210E4
:10C4B00000000070201E047C06000234CEFF6210D3
:10C4C00000000070201E047C07000234CEFF6210C2
:10C4D00000000070201E047C08000234CEFF6210B1
:10C4E00000000070201E047C09000234CEFF6210A0
:10C4F00000000070201E047C0A000234CEFF62108F
:10C5000000000070201E047C0B000234CEFF62107D
:10C5100000000070188820AC1888228C008822AC9B
:10C52000188820AC1888228C0300422C1700401079
:10C53000000000701400A3271888228C80100200CD
:10C54000211062002400A2AF1888228C8010020003
:10C55000211042030800A4A70C00BAAF1000B9A72D
:10C56000C118400F00004CC41000B9870C00BA8FEE
:10C570000800A4872400A38F000062AC1888228CD6
:10C58000010042244931400B188822ACFFFF82246D
:10C590002016027C801002002016027C188822AC33
:10C5A000008820AC0088228C0400422C130040102C
:10C5B000000000701888228C8018020000A0023C45
:10C5C00000004234212043001400A3270088228C5D
:10C5D00080100200211062000000428C000082AC3A
:10C5E0001888228C01004224188822AC0088228CF2
:10C5F000010042246931400B008822AC0800BAAF28
:10C600000C00B9A700A01A3C00005A3700A0193C42
:10C61000B119400F0C0839370C00B9870800BA8FE0
:10C62000FFFF43300800B9A72303400F20CE027C50
:10C630000800B9872016037C0400B98F0000BF8F63
:08C640000800E0032800BD27FB
:0CA80C00208F22840800E0030000007090
:10CCC00000A01E3C0226C287FF0F42300800E0038E
:04CCD00000000070F0
:10CBCC00ECFFBD270000BFAF0400B9AF0800BAAF3F
:10CBDC002042023C0000423400008244436800467C
:10CBEC007042023C000042340000824403080046BC
:10CBFC004603004605A92390010002341600621476
:10CC0C00000000700C00B9A7C428400F1000ADE75D
:10CC1C001000ADC70C00B9872026197C44000334E2
:10CC2C00190064001220000000A0033C00316334A2
:10CC3C00211864003C0063240000638C2310430023
:10CC4C00030040140A1840002433400B000000700D
:10CC5C002033400B0A1060000C00B9A7C428400F09
:10CC6C001000ADE71000ADC70C00B9870A184000E2
:10CC7C000A106000066B004620D6197C7C28400FF9
:10CC8C000AC840000800BA8F0400B98F0000BF8F9B
:08CC9C000800E0031400BD27AD
:10A31000FCFFBD270000BFAF2016197C801802008B
:10A3200000A0023C0028423421104300000041C438
:10A330000042023C000042340000824442000146D8
:10A340002042023C000042340000824403080046E0
:10A3500002000C46AA29400F060300460000BF8FEA
:08A360000800E0030400BD2722
:10A1F000E8FFBD270000BFAF0400B9AF201E1A7CE6
:10A2000044000234190043001218000000A0023C70
:10A210000031423421104300240042243D0D400F00
:10A220001400A2AF1400A38F000062AC0800BAA70C
:10A230000C00B9AF1000ACE7F40C400F20CE1A7C34
:10A240001000ACC70C00B98F0800BA870800BAA785
:10A250004B03400F0C00B9AF0C00B98F8711400FB2
:10A260000800BA87201E1A7C4400023419004300FB
:10A270001218000000A0023C0031423421104300BB
:10A28000020043240000222B030040100000007055
:10A29000A728400BFF000434010004342014047C80
:10A2A000000062A4349022908410027C349022A09A
:10A2B000201E1A7C440002341900430012180000CA
:10A2C00000A0023C0031423421104300200042240F
:10A2D000000040AC201E1A7C4400023419004300E8
:10A2E0001218000000A0023C00314234211043004B
:10A2F00038004224000059AC502E400F20CE1A7C6A
:10A300000400B98F0000BF8F0800E0031800BD27CC
:1034F400FCFFBD270000222B0400401000000070D8
:103504000A100000450D400B231059000A10200337
:083514000800E0030400BD27DC
:1033D000220D400B428F20A40800023481BF1E3C06
:1033E000CB00C2A30080023484BF1E3C3B0D400BC7
:1033F0000848C2AF1000023481BF1E3CC900C2A3FE
:103400000080023484BF1E3C3B0D400B0842C2AF1B
:103410000800023481BF1E3CD800C2A300800234E1
:1034200084BF1E3C3B0D400B084CC2AF020002346F
:1034300081BF1E3CCA00C2A30080023484BF1E3C70
:103440003B0D400B0844C2AF8000023481BF1E3CDC
:10345000CB00C2A30080023484BF1E3C3B0D400B56
:10346000084AC2AF8000023481BF1E3CD800C2A30C
:103470000080023484BF1E3C3B0D400B084EC2AF9F
:103480003B0D400B00000070FF002233D2FF4010C4
:1034900000000070FF00233301000234D5FF6210EA
:1034A00000000070FF00233302000234D8FF6210D6
:1034B00000000070FF00233303000234DBFF6210C2
:1034C00000000070FF00233304000234DEFF6210AE
:1034D00000000070FF00233305000234E1FF62109A
:1034E00000000070200D400B000000700800E00399
:0434F0000000007068
:100D2C00E0FEBD270000BFAF3D0D400F000000707E
:100D3C000A304000201E1A7C0100023404186200A4
:100D4C003690228425104300369022A40400B9AFBB
:100D5C000800ACE74103400F20CE1A7C0800ACC75A
:100D6C000400B98F0603004601000234210022174B
:100D7C0000000070201E1A7C44000234190043004D
:100D8C001218000000A0023C003142342110430034
:100D9C0018004324FFFF023CFEFF4234000062AC0B
:100DAC00201E1A7C44000234190043001218000063
:100DBC0000A0023C003142342110430004004324C3
:100DCC0002000234000062A4201E1A7C440002348B
:100DDC00190043001218000000A0023C00314234FC
:100DEC002110430008004324F40102349804400B02
:100DFC00000062AC170120130000007001000234E7
:100E0C001401C210000000701000ACE7201E1A7C08
:100E1C0044000234190043001218000000A0023CE8
:100E2C000031423421104300140042241C01A2AFB3
:100E3C000400A6AF0800BAA70C00B9AF20CE1A7CEC
:100E4C001003400F1000ACC70C00B98F0800BA8714
:100E5C000400A68F1C01A38F000062AC0400B9AF84
:100E6C002703400F20CE1A7C0A384000201E1A7C23
:100E7C0044000234190043001218000000A0023C88
:100E8C000031423421104300300042241C01A2AF37
:100E9C0020CE1A7C0E01400F1000ACC70400B98F95
:100EAC001C01A38F000062AC201E1A7C440002348B
:100EBC00190043001218000000A0023C003142341B
:100ECC0021104300300042240000438C43100600E4
:100EDC002A1043000B00401000000070201E1A7CEA
:100EEC0044000234190043001218000000A0023C18
:100EFC0000314234211043003000432443100600DB
:100F0C00000062AC201E1A7C44000234190043001D
:100F1C001218000000A0023C0031423421104300A2
:100F2C00300042240000428C0B0040140000007082
:100F3C00201E1A7C440002341900430012180000D1
:100F4C0000A0023C00314234211043003000432405
:100F5C0001000234000062AC201E1A7C44000234F2
:100F6C00190043001218000000A0023C003142346A
:100F7C00211043002C0042241C01A2AF0400B9AF85
:100F8C00A100400F0AC8C0000400B98F1C01A38F38
:100F9C00000062AC201E1A7C44000234190043008D
:100FAC001218000000A0023C003142342120430002
:100FBC002C0082240000438C300082240000428CE0
:100FCC002A1043000C00401000000070201E1A7CF8
:100FDC0044000234190043001218000000A0023C27
:100FEC0000314234211043002C00432430004224B1
:100FFC000000428C000062AC201E1A7C44000234BB
:10100C00190043001218000000A0023C00314234C9
:10101C00211043002C0042240000428C0B00401491
:10102C0000000070201E1A7C44000234190043009A
:10103C001218000000A0023C003142342110430081
:10104C002C00432401000234000062AC201E1A7CE8
:10105C0044000234190043001218000000A0023CA6
:10106C00003142342110430010004524300042244A
:10107C000000448C00A01E3C0439C38F00A01E3C11
:10108C000039C28F1A00430012100000021882703F
:10109C000A100000231043000000A2AC201E1A7C92
:1010AC0044000234190043001218000000A0023C56
:1010BC000031423421104300100042240000428CC5
:1010CC000C00401400000070201E1A7C44000234F6
:1010DC00190043001218000000A0023C00314234F9
:1010EC002110430010004324FFFF023CFFFF423459
:1010FC00000062AC0000222B1000401000000070B9
:10110C00201E1A7C440002341900430012180000FF
:10111C0000A0023C00314234211043000C00442456
:10112C00100042240000428C231822030A100000F5
:10113C00231043005E04400B000082AC201E1A7C7E
:10114C0044000234190043001218000000A0023CB5
:10115C0000314234211043000C004324100042247F
:10116C000000428C21102203000062AC201E1A7C6D
:10117C0044000234190043001218000000A0023C85
:10118C000031423421104300140042240000428CF0
:10119C002A1047001C00401400000070201E1A7C0E
:1011AC0044000234190043001218000000A0023C55
:1011BC000031423421184300080062241C01A2AF04
:1011CC00140062240400B9AF3D0D400F0000598C8F
:1011DC000400B98F1C01A38F000062AC201E1A7C86
:1011EC0044000234190043001218000000A0023C15
:1011FC000031423421104300040043240300023424
:10120C009804400B000062A4201E1A7C4400023497
:10121C00190043001218000000A0023C00314234B7
:10122C002110430008004224000047AC201E1A7C09
:10123C0044000234190043001218000000A0023CC4
:10124C0000314234211043000400432401000234D5
:10125C00000062A4349022904000427C16004010A2
:10126C0000000070201E1A7C440002341900430058
:10127C001218000000A0023C00314234211043003F
:10128C0008004324140042240000428C000062AC8D
:10129C00201E1A7C4400023419004300121800006E
:1012AC0000A0023C003142342110430004004324CE
:1012BC0003000234000062A4201E1A7C4400023495
:1012CC00190043001218000000A0023C0031423407
:1012DC002110430020004224000040AC201E1A7C48
:1012EC0044000234190043001218000000A0023C14
:1012FC00003142342110430034004224000040AC41
:10130C00201E1A7C440002341900430012180000FD
:10131C0000A0023C00314234211043001800432449
:10132C0001000234000062AC0A58C0000400ABAFEC
:10133C000800BAA70C00B9AF2501400F0100193401
:10134C000C00B98F0800BA87030040100400AB8F63
:10135C00CE04400B00000070201E1A7C44000234A6
:10136C00190043001218000000A0023C0031423466
:10137C00211843001400622400004A8C08006224E7
:10138C000000498C0C0062240000488C1000622480
:10139C000000478C2C0062240000468C3000622434
:1013AC000000458C20161A7C8018020000A0023C1C
:1013BC004026423421104300000041C400A0023CEE
:1013CC002027423421104300000040C400A0023CFE
:1013DC0080264234211043000000448C1400B727AF
:1013EC000701F626019D183C2145400FB4411837E2
:1013FC001400A327369022840400BAA70800B9AFC2
:10140C00B4FFBD274800A2A74400AAAF4000A9AF73
:10141C003C00A8AF3800A7AF3400A6AF3000A5AF92
:10142C002C00A1E72800BAA72400A0E72000BAA747
:10143C001C00A4AF1800BAA71400ABAF1000B9AFD2
:10144C005C00A28F0C00A2AF00A01E3C0439C28F1E
:10145C000800A2AF00A01E3C0039C28F0400A2AF4E
:10146C001F3B400F0000A3AF4C00BD270800B98FF5
:10147C000400BA870000BF8F0800E0032001BD27DD
:100D04002016197C8018020000A0023C602742349F
:100D140021104300000040C4026000460603004660
:080D24000800E003000000706C
:100C4000FCFFBD270000BFAF2016197C80180200F2
:100C500000A0023C4026423421104300000040C462
:100C600003000C46AA29400F060300460000BF8F70
:080C70000800E0030400BD27A9
:100C9C00F8FFBD270000BFAF0400B9AF2016197CC8
:100CAC008018020000A0023C802642342110430030
:100CBC000000438C00A01E3C0039C28F1A00620059
:100CCC00121000000000400F0AC840000AA50334AF
:100CDC0002186270640002341A00620012100000E4
:100CEC003D0D400F0AC840000400B98F0000BF8FB3
:080CFC000800E0030800BD2719
:100000000A2800000500400B0040033C0A1840008D
:100010000A2880002110A3002B10220306004014A0
:10002000000000702110A300231022030AC8400022
:100030000F00400B010004340A20000042100500AC
:10004000040080100A2840002110A3001600400B75
:100050000A2040000A20A00082100300EBFF401499
:10006000000000702B109900030040100000007089
:100070001F00400B010082240A1080000800E003EA
:04008000000000700C
:1004380082600C462016197C8018020000A0023C3D
:100448002027423421104300000041C40040023CF0
:1004580000004234000082444200014600B920C432
:100468002000804642080046C842023C0000423450
:10047800000082440208004603100046240000469B
:0C048800000002440800E00300000070C7
:1002840000A01E3C0439C28F0220227300A01E3C31
:100294000439C38F00A01E3C0039C28F21104300D3
:1002A4001A008200121000000800E0030000007031
:100494002016197C060040140000007081BF1E3C29
:1004A4006010C28F008042303101400BC213020041
:1004B40081BF1E3C2011C28F00804230C213020053
:0804C4000800E00300000070D5
:10461C000000222B03004010000000708D11400B95
:10462C00010002340A100000AE11400B2024027C61
:10463C00010082380100433086BF1E3C3106C28324
:10464C000421627C86BF1E3CBF11400B3106C2A305
:10465C000100833086BF1E3C3004C2838410627C10
:10466C0086BF1E3CBF11400B3004C2A30100833037
:10467C0086BF1E3C3106C283C439627C86BF1E3C99
:10468C00BF11400B3106C2A30100833086BF1E3C14
:10469C003004C2834429627C86BF1E3CBF11400B90
:1046AC003004C2A3BF11400B0000007020161A7C0E
:1046BC00DFFF401000000070201E1A7C0100023445
:1046CC00E3FF621000000070201E1A7C020002340E
:1046DC00E6FF621000000070201E1A7C03000234FA
:1046EC00E9FF621000000070AC11400B000000707C
:0846FC000800E003000000705B
:10B94000FCFFBD270000BFAF3129400F0000007091
:10B95000201E197C44000234190043001218000014
:10B9600000A0023C00314234211043002000432457
:10B970000000628C01004224000062AC201E197C91
:10B9800044000234190043001218000000A0023CD9
:10B9900000314234211043003C0044240200422480
:10B9A000000042840000838C2016027C211062007B
:10B9B000000082AC0000BF8F0800E0030400BD2738
:10A4C4008F29400B000000700800023481BF1E3C3D
:10A4D4004700C2A30500023484BF1E3C1048C2AF2B
:10A4E40008B1228CFFFF423084BF1E3C2048C2AF1B
:10A4F400FFFF023484BF1E3C1002C2AF048002344A
:10A5040084BF1E3CA829400B0048C2AF100002348F
:10A5140081BF1E3C4500C2A30500023484BF1E3C1B
:10A524001042C2AF4CB1228CFFFF423084BF1E3CAC
:10A534002042C2AFFFFF023484BF1E3C1006C2AFEC
:10A544000480023484BF1E3CA829400B0042C2AFE1
:10A554000500023484BF1E3C104CC2AF90B1228C63
:10A56400FFFF423084BF1E3C204CC2AFFFFF0234C9
:10A5740084BF1E3C100AC2AF0480023484BF1E3C58
:10A58400A829400B004CC2AF0500023484BF1E3C16
:10A594001044C2AFD4B1228CFFFF423084BF1E3CB2
:10A5A4002044C2AFFFFF023484BF1E3C1008C2AF78
:10A5B4000C80023484BF1E3CA829400B0044C2AF67
:10A5C4000500023484BF1E3C104AC2AF18B2228C6C
:10A5D400FFFF423084BF1E3C204AC2AFFFFF02345B
:10A5E40084BF1E3C1004C2AF0C80023484BF1E3CE6
:10A5F400A829400B004AC2AF0500023484BF1E3CA8
:10A60400104EC2AF5CB2228CFFFF423084BF1E3CAE
:10A61400204EC2AFFFFF023484BF1E3C100CC2AFF9
:10A624000C80023484BF1E3CA829400B004EC2AFEC
:10A63400A829400B000000702016197CA2FF4010CE
:10A6440000000070201E197C01000234AFFF62106C
:10A6540000000070201E197C02000234BCFF62104E
:10A6640000000070201E197C03000234C6FF621033
:10A6740000000070201E197C04000234D0FF621018
:10A6840000000070201E197C05000234DAFF6210FD
:10A69400000000708D29400B000000700800E003EA
:04A6A4000000007042
:10E0B000201E197C4400023419004300121800008D
:10E0C00000A0023C003142342110430004004224ED
:0CE0D000000042840800E0030000007023
:10E08C0000A01E3C1626D9A70800E0030000007073
:020000041D01DC
:1002F800FCFFBD270A202003201E1B7CFFFF62276E
:100308000500601020DE027C00009AA00100822413
:10031800C040400B0A2040000A1020030800E003F8
:040328000400BD27E9
:10032C0000A01E3C0626C2870800E00300000070F7
:10033C0000A01E3C0426C0A70A1000000800E00321
:04034C00000000703D
:10040800BCFFBD270000BFAF2016197C190040149F
:10041800000000700400B9A72501400F010019343D
:10042800030040100400B9870741400B000000702A
:1004380025001E340600BEA373001E340700BEA3A9
:100448000AF000000800BEA30600A327019D023C95
:100458000F4C42340400B9A7F8FFBD270400A2AF2F
:100468001F3B400F0000A3AF0800BD279642400B7A
:100478000400B9876642400B000000700400B9A769
:100488002501400F01001934030040100400B9870A
:100498002141400B0000007025001E340900BEA356
:1004A80073001E340A00BEA30D001E340B00BEA349
:1004B8000A001E340C00BEA30AF000000D00BEA303
:1004C8000900A327019D023C4A4942340400B9A708
:1004D800F8FFBD270400A2AF1F3B400F0000A3AFE9
:1004E8000800BD279642400B0400B9870400B9A74D
:1004F8002501400F01001934030040100400B9879A
:100508003D41400B0000007025001E340E00BEA3C4
:1005180073001E340F00BEA30D001E341000BEA3CE
:100528000A001E341100BEA30AF000001200BEA388
:100538000E00A327019D023CD84842340400B9A705
:10054800F8FFBD270400A2AF1F3B400F0000A3AF78
:100558000800BD279642400B0400B9870400B9A7DC
:100568002501400F01001934030040100400B98729
:100578005941400B0000007025001E341300BEA333
:1005880073001E341400BEA30D001E341500BEA354
:100598000A001E341600BEA30AF000001700BEA30E
:1005A8001300A327019D023C144942340400B9A753
:1005B800F8FFBD270400A2AF1F3B400F0000A3AF08
:1005C8000800BD279642400B0400B9870400B9A76C
:1005D8002501400F01001934030040100400B987B9
:1005E8007541400B0000007025001E341800BEA3A2
:1005F80073001E341900BEA30D001E341A00BEA3DA
:100608000A001E341B00BEA30AF000001C00BEA393
:100618001800A327019D023C044A42340400B9A7EC
:10062800F8FFBD270400A2AF1F3B400F0000A3AF97
:100638000800BD279642400B0400B9870400B9A7FB
:100648002501400F01001934030040100400B98748
:100658009141400B0000007025001E341D00BEA310
:1006680073001E341E00BEA30A001E341F00BEA362
:100678000AF000002000BEA31D00A327019D023C34
:10068800F74842340400B9A7F8FFBD270400A2AF19
:100698001F3B400F0000A3AF0800BD279642400B48
:1006A8000400B9870400B9A72501400F01001934D7
:1006B800030040100400B987AB41400B00000070F4
:1006C80025001E342100BEA373001E342200BEA3E1
:1006D8000D001E342300BEA30A001E342400BEA34E
:1006E8000AF000002500BEA32100A327019D023CBB
:1006F800314942340400B9A7F8FFBD270400A2AF6E
:100708001F3B400F0000A3AF0800BD279642400BD7
:100718000400B98725001E342600BEA373001E34CA
:100728002700BEA30D001E342800BEA30A001E34F5
:100738002900BEA30AF000002A00BEA32600A327B2
:10074800019D023C63494234F8FFBD270400A2AF73
:100758001F3B400F0000A3AF9642400B0800BD2787
:100768000400B9A72501400F010019340300401007
:100778000400B987DA41400B0000007025001E34E0
:100788002B00BEA373001E342C00BEA30D001E3424
:100798002D00BEA30A001E342E00BEA30AF00000DE
:1007A8002F00BEA32B00A327019D023C944A42348C
:1007B8000400B9A7F8FFBD270400A2AF1F3B400FF4
:1007C8000000A3AF0800BD279642400B0400B9877C
:1007D8000400B9A72501400F010019340300401097
:1007E8000400B987F641400B0000007025001E3454
:1007F8003000BEA373001E343100BEA30D001E34AA
:100808003200BEA30A001E343300BEA30AF0000063
:100818003400BEA33000A327019D023CEE494234B8
:100828000400B9A7F8FFBD270400A2AF1F3B400F83
:100838000000A3AF0800BD279642400B0400B9870B
:100848000400B9A72501400F010019340300401026
:100858000400B9871242400B0000007025001E34C6
:100868003500BEA373001E343600BEA30D001E342F
:100878003700BEA30A001E343800BEA30AF00000E9
:100888003900BEA33500A327019D023C68484234C5
:100898000400B9A7F8FFBD270400A2AF1F3B400F13
:1008A8000000A3AF0800BD279642400B0400B9879B
:1008B8000400B9A72501400F0100193403004010B6
:1008C8000400B9872E42400B0000007025001E343A
:1008D8003A00BEA373001E343B00BEA30D001E34B5
:1008E8003C00BEA30A001E343D00BEA30AF000006F
:1008F8003E00BEA33A00A327019D023CD8494234DA
:100908000400B9A7F8FFBD270400A2AF1F3B400FA2
:100918000000A3AF0800BD279642400B0400B9872A
:100928000400B9A72501400F010019340300401045
:100938000400B9874A42400B0000007025001E34AD
:100948003F00BEA373001E344000BEA30D001E343A
:100958004100BEA30A001E344200BEA30AF00000F4
:100968004300BEA33F00A327019D023CBA4A42347C
:100978000400B9A7F8FFBD270400A2AF1F3B400F32
:100988000000A3AF0800BD279642400B0400B987BA
:10099800201E197C01000234B8FE621000000070AD
:1009A800201E197C02000234D0FE62100000007084
:1009B800201E197C03000234E8FE6210000000705B
:1009C800201E197C0400023400FF62100000007031
:1009D800201E197C0500023418FF62100000007008
:1009E800201E197C060002342EFF621000000070E1
:1009F800201E197C0700023446FF621000000070B8
:100A0800201E197C0800023455FF62100000007097
:100A1800201E197C090002346DFF6210000000706E
:100A2800201E197C0A00023485FF62100000007045
:100A3800201E197C0B0002349DFF6210000000701C
:100A4800201E197C0C000234B5FF621000000070F3
:0C0A58000000BF8F0800E0034400BD2731
:100350000A200000201E047C2016197C2A1062004E
:1003600027004010000000702016047C0600401496
:100370000000007086BF1E3C3106C2838431027CBF
:1003800086BF1E3C3106C2A3201E047C010002343D
:10039000060062140000007086BF1E3C3106C28356
:1003A0004408027C86BF1E3C3106C2A3201E047C8A
:1003B00002000234060062140000007086BF1E3C7A
:1003C0003004C2830421027C86BF1E3C3004C2A3D9
:1003D000201E047C0300023406006214000000703A
:1003E00086BF1E3C3000C2834429027C86BF1E3C6F
:1003F0003000C2A301008224D540400B2026027C9D
:080400000800E0030000007099
:020000041D00DD
:10FE5000F0FFBD270000BFAF0400BAAF6E40400BFB
:10FE60000800BBAF0C00B9A70AC8000018A92DC430
:10FE7000F332400F50A92CC4A040400B0C00B987AE
:10FE80000C00B9A70100193418A92DC4F332400F92
:10FE900054A92CC4A040400B0C00B9870C00B9A792
:10FEA00018A92EC401001A340AC8000054A92DC490
:10FEB000DD35400F50A92CC4A040400B0C00B98781
:10FEC0000C00B9A70200193418A92DC4F332400F51
:10FED00058A92CC4A040400B0C00B9870C00B9A74E
:10FEE00018A92EC402001A340AC8000058A92DC44B
:10FEF000DD35400F50A92CC4A040400B0C00B98741
:10FF00000C00B9A718A92EC402001A340100193434
:10FF100058A92DC4DD35400F54A92CC4A040400B76
:10FF20000C00B9870C00B9A70300193418A92DC417
:10FF3000F332400F5CA92CC4A040400B0C00B987E1
:10FF40000C00B9A718A92EC403001A340AC800006F
:10FF50005CA92DC4DD35400F50A92CC4A040400B36
:10FF60000C00B9870C00B9A718A92EC403001A34D5
:10FF7000010019345CA92DC4DD35400F54A92CC4EF
:10FF8000A040400B0C00B9870C00B9A718A92EC4DB
:10FF900003001A34020019345CA92DC4DD35400F6A
:10FFA00058A92CC4A040400B0C00B9872933400F3E
:10FFB0000C00B9A700A01E3C8029DB8701001A3481
:10FFC0000AC8000054A92FC450A92EC424A92DC4C6
:10FFD00020A92CC400A01E3C7829C28FF0FFBD27A9
:10FFE0000C00A2AF00A01E3C7429C28F0800A2AF73
:10FFF00000A01E3C7029C28F0400A2AF00A01E3CCE
:020000041D01DC
:100000006C29C28F3738400F0000A2AF1000BD2707
:10001000A040400B0C00B9870C00B9A77234400F08
:10002000048839840C00B987048822A4289023907E
:10003000C220030086BF1E3C3100C3834408837C7A
:1000400086BF1E3C3100C3A32016027C0300422859
:10005000080040100000007000A01E3C0035C28760
:100060000200401000000070FEFF19346940400B90
:100070000000007086BF1E3C3100C2834408027C31
:1000800086BF1E3C3100C2A3FF37400F0C00B9A74A
:100090000C00B9870AC800000A2800002016057C59
:1000A000040042283100401000000070201E057C32
:1000B00044000234190043001218000000A0023C62
:1000C00000314234211043003C004224000040AC87
:1000D0002016057C8018020000A0023C083542343E
:1000E00021204300201E057C4400023419004300F7
:1000F0001218000000A0023C0031423421104300DD
:100100003C0042240000428C000082AC201E057C92
:1001100044000234190043001218000000A0023C01
:100120000031423421104300040042240000428484
:100130002016027C0A00401000000070201E057C82
:1001400044000234190043001218000000A0023CD1
:10015000003142342110430004004224000040A436
:100160000100A2242740400B202E027C2933400F9F
:100170000C00B9A70C00B98704882284060040103F
:10018000000000702738400F0C00B9A70C00B98799
:100190005E40400B048822A400A01E3C0235C0A78C
:1001A000369020A4A040400B000000700AC8000058
:1001B000A140400B0A100000201E197C01000234EF
:1001C00028FF621000000070201E197C020002341B
:1001D0002BFF621000000070201E197C0300023407
:1001E0002EFF621000000070201E197C04000234F3
:1001F00033FF621000000070201E197C05000234DD
:1002000036FF621000000070201E197C06000234C8
:100210003BFF621000000070201E197C08000234B1
:1002200040FF621000000070201E197C090002349B
:1002300043FF621000000070201E197C0A00023487
:1002400048FF621000000070201E197C0C00023470
:100250004DFF621000000070201E197C0F00023458
:1002600052FF621000000070201E197C1F00023433
:1002700069FF6210000000706B40400B00000070CE
:100280002016197C0800BB8F0400BA8F0000BF8FB6
:080290000800E0031000BD2787
:020000041D00DD
:10D7740068FFBD270000BFAF489020AC0400BAA7E3
:10D784000600B9A70800AEE70C00ADE71000ACE74F
:10D794002501400F010019341000ACC70C00ADC7BF
:10D7A4000800AEC70600B987030040100400BA871A
:10D7B400E035400B00000070201E1A7C4400023447
:10D7C400190043001218000000A0023C003142344A
:10D7D400211043003C0042240000448C201E197C8C
:10D7E40044000234190043001218000000A0023C57
:10D7F40000314234211043003C0042240000438C99
:10D804001C00B7273500F626019D183C2145400F22
:10D81400FE4518371C00A2270400BAA70600B9A7C2
:10D824000800AEE70C00ADE71000ACE7ECFFBD2745
:10D834001000A4AF0C00ADE70800A3AF0400ACE7F0
:10D844001F3B400F0000A2AF1400BD271000ACC75F
:10D854000C00ADC70800AEC70600B9870400BA873C
:10D864003490229004004234349022A00400BAA7D9
:10D874000600B9A70800AEE70C00ADE7F40C400FB2
:10D884001000ACE71000ACC70C00ADC70800AEC771
:10D894000600B9870400BA870400BAA70600B9A72E
:10D8A4000800AEE70C00ADE71000ACE7F40C400F45
:10D8B40020CE1A7C1000ACC70C00ADC70800AEC760
:10D8C4000600B9870400BA87349022904000427C55
:10D8D4000A004014000000702042023C0000423460
:10D8E40000008244437000467042023C000042340F
:10D8F4000000824403080046860300460400BAA7D9
:10D904000600B9A70800AEE70C00ADE7C428400F35
:10D914001000ACE71000ACC70C00ADC70800AEC7E0
:10D924000600B9870400BA870A2040000400A4AFA7
:10D934000800BAA70A00B9A70C00AEE71000ADE7CB
:10D944001400ACE720CE1A7CC428400F066B0046B6
:10D954001400ACC71000ADC70C00AEC70A00B987ED
:10D964000800BA870400A48F0A28400005A9239060
:10D97400010002341800621400000070201E197C9B
:10D9840044000234190043001218000000A0023CB5
:10D9940000314234211043003C0042240000428CF8
:10D9A400231082000A304000201E1A7C44000234F6
:10D9B400190043001218000000A0023C0031423458
:10D9C400211043003C0042240000428C2310A2009A
:10D9D4007836400B0A2840000A3080000400BAA7B9
:10D9E4000600B9A720D6197C8711400F0AC8C000C9
:10D9F4000600B9870400BA87201E197C440002344B
:10DA0400190043001218000000A0023C0031423407
:10DA140021104300020043240000C22803004010E8
:10DA2400000000708D36400BFF0004340100043404
:10DA34002014047C000062A40400B9A78711400FDD
:10DA44000AC8A0000400B987201E1A7C44000234CE
:10DA5400190043001218000000A0023C00314234B7
:10DA640021104300020043240000A22803004010B8
:10DA740000000070A136400BFF00043401000434A0
:10DA84002014047C000062A4201E197C440002348B
:10DA9400190043001218000000A0023C0031423477
:10DAA40021104300240042249400A2AF0400B9A72B
:10DAB4003D0D400F0AC8C0009400A38F000062AC63
:10DAC400201E1A7C4400023419004300121800007E
:10DAD40000A0023C003142342110430024004224BF
:10DAE4009400A2AF3D0D400F0AC8A0000400B987FE
:10DAF4009400A38F000062AC0400A5AF0800A6AF99
:10DB04000C00BAA70E00B9A71000AEE71400ADE7E9
:10DB14001800ACE72501400F010019341800ACC708
:10DB24001400ADC71000AEC70E00B9870C00BA8749
:10DB34000800A68F030040100400A58FBF36400BD9
:10DB440000000070201E1A7C4400023419004300B7
:10DB54001218000000A0023C00314234211043009E
:10DB6400240042240000448C201E197C440002340A
:10DB7400190043001218000000A0023C0031423496
:10DB840021104300240042240000438C5100B72795
:10DB94004300F626019D183C2145400F33461837B3
:10DBA4005100A2270400A5AF0800A6AF0C00BAA735
:10DBB4000E00B9A71000AEE71400ADE71800ACE7FB
:10DBC400ECFFBD271000A4AF0C00A5AF0800A3AF65
:10DBD4000400A6AF1F3B400F0000A2AF1400BD27F6
:10DBE4001800ACC71400ADC71000AEC70E00B9874B
:10DBF4000C00BA870800A68F0400A58F201E197C8C
:10DC040044000234190043001218000000A0023C32
:10DC14000031423421104300240042240000448C8B
:10DC2400201E1A7C4400023419004300121800001C
:10DC340000A0023C0031423421104300240042245D
:10DC44000000428C2A108200620040140000007020
:10DC54000400BAA70600B9A70800ADE70C00ACE7BA
:10DC640020D6197C067300464B03400F0AC8C00037
:10DC74000C00ACC70800ADC70600B9870400BA871A
:10DC8400201E1A7C440002341900430012180000BC
:10DC940000A0023C00314234211043000800442417
:10DCA400201E197C4400023419004300121800009D
:10DCB40000A0023C003142342110430008004224F9
:10DCC4000000428C000082AC201E1A7C4400023406
:10DCD400190043001218000000A0023C0031423435
:10DCE4002110430018004424201E197C44000234EF
:10DCF400190043001218000000A0023C0031423415
:10DD040021104300180042240000428C000082AC21
:10DD1400201E1A7C4400023419004300121800002B
:10DD240000A0023C0031423421104300240042246C
:10DD34000000448C201E197C440002341900430066
:10DD44001218000000A0023C0031423421184300A4
:10DD5400240062240000428C231082004010020040
:10DD6400489022AC0000629001004234000062A09E
:10DD7400201E1A7C440002341900430012180000CB
:10DD840000A0023C0031423421184300000062909C
:10DD94000400027C000062A0589020C432000C46AB
:10DDA40003000145000000707437400B0000007050
:10DDB400201E197C01000234041062002718400060
:10DDC4003690228424104300369022A4D437400B8A
:10DDD400000000700400BAA70600B9A70800ADE768
:10DDE4000C00ACE7067300464B03400F0AC8A000C2
:10DDF4000C00ACC70800ADC70600B9870400BA8799
:10DE0400201E197C4400023419004300121800003B
:10DE140000A0023C00314234211043000800442495
:10DE2400201E1A7C4400023419004300121800001A
:10DE340000A0023C00314234211043000800422477
:10DE44000000428C000082AC201E197C4400023485
:10DE5400190043001218000000A0023C00314234B3
:10DE64002110430018004424201E1A7C440002346C
:10DE7400190043001218000000A0023C0031423493
:10DE840021104300180042240000428C000082ACA0
:10DE9400201E197C440002341900430012180000AB
:10DEA40000A0023C00314234212843002400A22473
:10DEB4000000448C201E1A7C4400023419004300E4
:10DEC4001218000000A0023C00314234211043002B
:10DED400240042240000428C2310820040100200DF
:10DEE400489022AC0000A2900400027C0000A2A092
:10DEF400201E1A7C4400023419004300121800004A
:10DF040000A0023C0031423421184300000062901A
:10DF140001004234000062A05C9020C432000D462F
:10DF24000300014500000070D437400B000000706E
:10DF3400201E1A7C010002340410620027184000DD
:10DF44003690228424104300369022A458902CE466
:10DF54005C902DE4201E197C440002341900430017
:10DF64001218000000A0023C00314234211043008A
:10DF740020004224000040AC201E1A7C44000234DD
:10DF8400190043001218000000A0023C0031423482
:10DF94002110430020004224000040AC369022842B
:10DFA4000D004014000000700400BAA74C2A400F72
:10DFB4000600B9A70600B9870400BA870400BAA707
:10DFC4000600B9A74C2A400F20CE1A7C0600B98758
:10DFD400FC37400B0400BA870400BAA70F2A400F8D
:10DFE4000600B9A70600B9870400BA870000BF8FEE
:08DFF4000800E0039800BD27BE
:10A930006C2A400B000000700800023481BF1E3CEE
:10A94000C700C2A30080023484BF1E3C7D2A400B96
:10A950000448C2AF1000023481BF1E3CC500C2A330
:10A960000080023484BF1E3C7D2A400B0442C2AFEB
:10A970000800023481BF1E3CD400C2A30080023410
:10A9800084BF1E3C7D2A400B044CC2AF020002343F
:10A9900081BF1E3CC600C2A30080023484BF1E3C9F
:10A9A0007D2A400B0444C2AF7D2A400B000000709A
:10A9B0002016197CE0FF401000000070201E197C5A
:10A9C00001000234E3FF621000000070201E197CB9
:10A9D00002000234E6FF621000000070201E197CA5
:10A9E00003000234E9FF6210000000706A2A400B85
:10A9F00000000070201E197C44000234190043003E
:10AA00001218000000A0023C003142342110430023
:10AA100004004224000040A4201E197C01000234DE
:10AA2000041062002718400036902284241043004E
:0CAA3000369022A40800E0030000007033
:10A83C00FCFFBD270000BFAF2D45400F000000708E
:0CA84C000000BF8F0800E0030400BD27DF
:020000041D01DC
:1014B400F8FFBD270000BFAF248F2284010042241F
:1014C400248F22A42016027C060042280B0040141C
:1014D4000000007086BF1E3C3100C2834000427C85
:1014E4000100433886BF1E3C3100C2834408627C3D
:1014F40086BF1E3C3100C2A3248F20A4201E197C69
:1015040044000234190043001218000000A0023CF9
:101514000031423421104300240042240000448C52
:10152400201E1A7C440002341900430012180000E3
:1015340000A0023C00314234211043002400422424
:101544000000428C2A1082009C00401400000070AD
:10155400201E197C440002341900430012180000B4
:1015640000A0023C003142342120430020008224A8
:101574000000438C240082240000428C2A10620064
:101584001500401000000070502E400F0000007045
:10159400201E1A7C44000234190043001218000073
:1015A40000A0023C00314234212043002000822468
:1015B4000000438C240082240000428C2A10620024
:1015C40005004014000000700400B9A74C2A400F25
:1015D40020CE1A7C0400B987349022904000427CCB
:1015E4000500401400000070E231400F000000705C
:1015F4008F45400B00000070201E197C440002340B
:10160400190043001218000000A0023C00314234CB
:1016140021204300200082240000438C24008224E3
:101624000000428C2A106200030040140000007085
:101634004C2A400F000000704890228C0000422881
:101644000F00401000000070201E1A7C4400023479
:10165400190043001218000000A0023C003142347B
:1016640021104300240042240000428C4018020050
:101674004890228C21104300EE45400B489022AC48
:10168400201E1A7C44000234190043001218000082
:1016940000A0023C00314234212043002000822477
:1016A4000000438C240082240000428C2A10620033
:1016B4004000401000000070201E1A7C44000234D8
:1016C400190043001218000000A0023C003142340B
:1016D4002110430008004424201E197C44000234D5
:1016E400190043001218000000A0023C00314234EB
:1016F40021104300080042240000428C000082AC08
:10170400201E1A7C44000234190043001218000001
:1017140000A0023C0031423421104300180044244C
:10172400201E197C440002341900430012180000E2
:1017340000A0023C0031423421104300180042242E
:101744000000428C000082AC0400B9A7502E400F68
:1017540020CE1A7C0400B987201E1A7C440002346F
:10176400190043001218000000A0023C003142346A
:1017740021104300240042240000448C201E197CC4
:1017840044000234190043001218000000A0023C77
:101794000031423421104300240042240000428CD2
:1017A40023108200401802004890228C211043002C
:1017B400489022AC8946400B00000070201E1A7C21
:1017C40044000234190043001218000000A0023C37
:1017D4000031423421204300200082240000438C45
:1017E400240082240000428C2A106200150040105C
:1017F400000000700400B9A7502E400F20CE1A7CC0
:101804000400B987201E197C4400023419004300E7
:101814001218000000A0023C003142342120430091
:10182400200082240000438C240082240000428C87
:101834002A10620003004014000000704C2A400F7C
:1018440000000070349022904000427C0600401456
:10185400000000700400B9A7E231400F20CE1A7CCA
:101864002D46400B0400B987201E1A7C4400023424
:10187400190043001218000000A0023C0031423459
:1018840021204300200082240000438C2400822471
:101894000000428C2A106200050040140000007011
:1018A4000400B9A74C2A400F20CE1A7C0400B98743
:1018B4004890228C000042280F0040100000007065
:1018C400201E197C44000234190043001218000041
:1018D40000A0023C00314234211043002400422481
:1018E4000000428C401802004890228C21104300D2
:1018F4008946400B489022AC201E197C44000234D7
:10190400190043001218000000A0023C00314234C8
:1019140021204300200082240000438C24008224E0
:101924000000428C2A1062003D004010000000704C
:10193400201E197C440002341900430012180000D0
:1019440000A0023C0031423421104300080044242A
:10195400201E1A7C440002341900430012180000AF
:1019640000A0023C0031423421104300080042240C
:101974000000428C000082AC201E197C440002341A
:10198400190043001218000000A0023C0031423448
:101994002110430018004424201E1A7C4400023401
:1019A400190043001218000000A0023C0031423428
:1019B40021104300180042240000428C502E400F96
:1019C400000082AC201E197C44000234190043003C
:1019D4001218000000A0023C0031423421104300E0
:1019E400240042240000448C201E1A7C440002344B
:1019F400190043001218000000A0023C00314234D8
:101A040021104300240042240000428C2310820051
:101A1400401802004890228C21104300489022ACC8
:0C1A24000000BF8F0800E0030800BD2791
:020000041D00DD
:10C78800F8FFBD270000BFAF201E197C440002340B
:10C79800190043001218000000A0023C0031423486
:10C7A8002110430004004224D932400B0400A2AFF8
:10C7B8004C2A400F00000070EF32400B0000007060
:10C7C800162A400F00000070201E197C4400023415
:10C7D800190043001218000000A0023C0031423446
:10C7E80021204300080082240000438C1400822486
:10C7F8000000428C2A10430016004014000000700C
:10C80800201E197C4400023419004300121800004D
:10C8180000A0023C003142342110430008004324A8
:10C82800140042240000428C000062AC201E197CD7
:10C8380044000234190043001218000000A0023C12
:10C848000031423421104300040043240300023421
:10C85800000062A4201E197C440002341900430021
:10C868001218000000A0023C00314234212043008D
:10C87800200082240000438C300082240000428C77
:10C888002A1043000B00401000000070201E197C85
:10C8980044000234190043001218000000A0023CB2
:10C8A80000314234211043000400432403000234C1
:10C8B800000062A4201E197C4400023419004300C1
:10C8C8001218000000A0023C00314234212043002D
:10C8D800200082240000438C0C0082240000428C3B
:10C8E8002A1062001F00401400000070201E197CEE
:10C8F80044000234190043001218000000A0023C52
:10C90800003142342110430018004324100042240F
:10C918000000428C000062AC201E197C44000234E6
:10C92800190043001218000000A0023C00314234F4
:10C938002110430034004224000040AC201E197C22
:10C9480044000234190043001218000000A0023C01
:10C958000031423421104300040043240200023411
:10C96800000062A4EF32400B00000070201E197C0A
:10C9780044000234190043001218000000A0023CD1
:10C98800003142342110430008004324140042249B
:10C998000000428C000062AC201E197C4400023466
:10C9A800190043001218000000A0023C0031423474
:10C9B80021204300200082240000438C0C008224A4
:10C9C8000000428C2A106200200040140000007011
:10C9D800201E197C4400023419004300121800007C
:10C9E80000A0023C003142342110430018004324C7
:10C9F800100042240000428C000062AC201E197C0A
:10CA080044000234190043001218000000A0023C40
:10CA1800003142342110430034004224000040AC6D
:10CA2800201E197C4400023419004300121800002B
:10CA380000A0023C0031423421104300040043248A
:10CA480002000234AC32400B000062A4201E197CA4
:10CA580044000234190043001218000000A0023CF0
:10CA68000031423421204300200082240000438CFE
:10CA7800240082240000428C2A1062000A0040141C
:10CA880000000070201E197C440002341900430085
:10CA98001218000000A0023C00314234211043006B
:10CAA80004004224000040A4EF32400B0000007054
:10CAB800162A400F00000070201E197C4400023422
:10CAC800190043001218000000A0023C0031423453
:10CAD80021104300180042240000428CFFFF422826
:10CAE8001100401000000070201E197C4400023420
:10CAF800190043001218000000A0023C0031423423
:10CB08002110430020004424240042240000438CC8
:10CB18000000828C2A1043000300401000000070BF
:10CB2800D532400B00000070201E197C44000234EE
:10CB3800190043001218000000A0023C00314234E2
:10CB48002110430004004224000040A4EF32400BAF
:10CB580000000070EF32400B000000700400A48F4A
:10CB6800000082842016027C11FF40100000007033
:10CB780000008284201E027C0100023410FF621033
:10CB88000000007000008284201E027C0300023432
:10CB980076FF62100000007000008284201E027C74
:10CBA80002000234C2FF621000000070D732400B4E
:10CBB800000000702016197C0000BF8F0800E003F9
:04CBC8000800BD277D
:10A85800201E197C4400023419004300121800001D
:10A8680000A0023C00314234211043001800432468
:10A878000000628C01004224000062AC201E197C9A
:10A8880044000234190043001218000000A0023CE2
:10A8980000314234213043000800C5240000A48C54
:10A8A800401804003400C2240000428C21186200C1
:10A8B8001800C2240000428C8010020001004224CB
:10A8C8001A00620012100000231082000000A2ACDF
:10A8D800201E197C4400023419004300121800009D
:10A8E80000A0023C00314234212843003400A42453
:10A8F8000800A2240000428C401802000000828C4C
:10A90800211862001800A2240000428C8010020066
:10A91800010042241A00620010100000000082ACFE
:08A928000800E00300000070CC
:10CCA400FCFFBD270000BFAF302C400F0000007018
:0CCCB4000000BF8F0800E0030400BD2753
:10B0C000D8FFBD270000BFAF0400B9AF0800BAAF7A
:10B0D0000A2000002016047C040042281A004010B8
:10B0E000000000702016047C8018020000A0023CC2
:10B0F00020294234211043002400A2AF201E047CEA
:10B1000044000234190043001218000000A0023C61
:10B1100000314234211043003C0042240000428CA4
:10B120000C00A4A720D6047CC111400F0AC840001F
:10B130000C00A4872400A28F000040E401008224B8
:10B14000352C400B2026027C2501400F01001934CC
:10B150000300401000000070522C400B00000070F3
:10B160000E00B7271600F626019D183C2145400F1A
:10B17000C24918370E00A32728A9228CF0FFBD274B
:10B180000C00A2AF24A9228C0800A2AF20A9228C17
:10B190000400A2AF1F3B400F0000A3AF1000BD276B
:10B1A0000800BA8F0400B98F0000BF8F0800E003C9
:04B1B0002800BD278F
:10470400FCFFBD270000BFAF000099446000804655
:104714002042023C000042340000824482000146F0
:1047240020161A7C8018020000A0023C00284234A3
:1047340021104300000041C40042023C0000423406
:104744000000824402000146031000463301400F7A
:10475400060300460000BF8F0800E0030400BD27E5
:1004CC00C842023C000042340000824442600046B4
:1004DC00003F023C00004234000082440008004609
:1004EC002400004600000244000082446000804664
:1004FC00C842023C0000423400008244030800461B
:08050C000800E003000000708C
:10E0DC0054FFBD270000BFAF0400BCAFAC00A0C70D
:10E0EC00AC00A0E7B000A2C7B400A3C7B800A0C79B
:10E0FC006800B7273000F626019D183C2145400FDB
:10E10C00CE4518376800A3272016197C8010020012
:10E11C002110620000004CE420161A7C80100200D2
:10E12C002110620000004DE408006224000040ACA5
:10E13C007800A3272016197C8010020021106200A1
:10E14C0000004EE420161A7C8010020021106200A0
:10E15C0000004FE408006224000040AC8800A327B4
:10E16C002016197C8010020021106200000042E48D
:10E17C0020161A7C8010020021106200000043E47B
:10E18C00AC00A1C70A10000000008244320800460F
:10E19C000300004500000070D438400B00000070F4
:10E1AC007800A5271200A287801802002110A30076
:10E1BC00000041C46800A42721108300000040C463
:10E1CC00C10800469C00A3E71400A2878018020037
:10E1DC002110A300000041C421108300000040C4A2
:10E1EC0081080046A000A2E7AC00A1C78040023C19
:10E1FC00000042340000824442000146AC00A0C73B
:10E20C004208004602180346410800460210024626
:10E21C00010800460800B9A78F2A400F06030046E4
:10E22C000800B9870A100000000882440108004663
:10E23C00A800A0E70800BBA70A00BAA70C00B9A762
:10E24C00A000ADC77228400F9C00ACC70C00B9876A
:10E25C000A00BA870800BB87A800A1C703080046BC
:10E26C00060400460800B0E70C00BBA70E00BAA7D6
:10E27C00C51A400F1000B9A71000B9870E00BA8755
:10E28C000C00BB870800B0C7201E027C03000234C0
:10E29C0007006214000000700A10000000008244A5
:10E2AC000100104646000046B038400BC608004638
:10E2BC00C6800046AC00A1C70A10000000008244D2
:10E2CC003E0001460300004500000070C238400BC0
:10E2DC00000000700A100000000082440100034698
:10E2EC0086000046AC00A1C70A1000000000824462
:10E2FC0001000146C338400BAC00A0E7861800466D
:10E30C00A000A0C7420002469C00A0C741000146E5
:10E31C00003F023C000042340000824402000146EF
:10E32C009C00A0C742000246A000A0C740000146C6
:10E33C00003F023C0000423400008244DE38400BB7
:10E34C00020001460800BBA70A00BAA70C00B9A737
:10E35C00461B00467228400F061300460C00B98776
:10E36C000A00BA870800BB87AC00A0E79800A0A3FE
:10E37C0020161B7C030040140000007001000234C6
:10E38C009800A2A30800BBA70A00BAA70C00B9A763
:10E39C002501400F010019340C00B9870A00BA8717
:10E3AC00030040100800BB87E438400B00000070ED
:10E3BC007800A32708006224000045C404006224EE
:10E3CC00000044C4000063C46800A3270800622452
:10E3DC00000042C404006224000041C4000060C478
:10E3EC001600B7275000F626019D183C2145400F1A
:10E3FC007E4518371600A2270800BBA70A00BAA74B
:10E40C000C00B9A7E4FFBD271800A5E71400A4E78A
:10E41C001000A3E70C00A2E70800A1E70400A0E7A6
:10E42C001F3B400F0000A2AF1C00BD270C00B9879A
:10E43C000A00BA878800A4277800A3276800A227BF
:10E44C000A00BAA70C00B9A79800A593F8FFBD273E
:10E45C000500A5A302A925900400A5A3020005347C
:10E46C000200A5A70000BAA718A92CC420E6197CA5
:10E47C000AD880000AC84000B400ADC7C91A400FC2
:10E48C000AD060000800BD270C00B9870A00BA87C3
:10E49C000800BB870400BC8F0000BF8F0800E0039E
:04E4AC00AC00BD27DC
:10AA3C00F0FFBD270000BFAF0400B9AF0A10000043
:10AA4C00000082443C000C460300004500000070EE
:10AA5C009C2A400B000000700A100000E02A400BFA
:10AA6C000000824446600046803F023C00004234B5
:10AA7C00000082443E000C460300004500000070BC
:10AA8C00AC2A400B00000070803F023C00004234B6
:10AA9C00000082440300014646000046AD2A400BEC
:10AAAC0006080046060800460C00A2270800ACE782
:10AABC000AC840005311400F060300460C00A38740
:10AACC00020002341A0062001210000020CE027C38
:10AADC006011400F060300460800ACC74600004654
:10AAEC00803F023C00004234000082443E000C4691
:10AAFC000300004500000070CA2A400B00000070E3
:10AB0C00803F023C000042340000824403000146B6
:10AB1C0046000046CB2A400B8608004686080046B5
:10AB2C00CD2A400B14000334036002464000024659
:10AB3C000040023C000042340000824403080046FE
:10AB4C00460000463200024603000145000000703A
:10AB5C00DB2A400B00000070E02A400B0610004678
:10AB6C0086080046FFFF6224EFFF4014FFFF4330CE
:10AB7C00061000460400B98F0000BF8F0800E003E8
:04AB8C001000BD27D1
:10454C00F8FFBD270400ACE70600A297C039427CF7
:10455C0082FF4224000022A77E0003340600A297AB
:10456C00C471627C0600A2A70400A0C70800E00387
:04457C000800BD274F
:10458000F8FFBD270400ACE70600A297C039427CC3
:1045900021102203FFFF59302016027C0000422820
:1045A00004004010000000700A1000008511400B4C
:1045B000000082442016197C00014228100040149B
:1045C000000000700A100000000082443E000C460B
:1045D00003000045000000707C11400B00000070DB
:1045E0007FFF023CFFFF42348511400B00008244F4
:1045F0007F7F023CFFFF42348511400B0000824464
:10460000201E197C0600A297C471627C0600A2A736
:0C4610000400A0C70800E0030800BD275C
:10A1C800FCFFBD270000BFAF42600C4602680D4689
:10A1D800000800468F2A400F060300460000BF8F84
:08A1E8000800E0030400BD279C
:106B140000A01E3C1226C2870800E003000000709B
:106B24002CFFBD270000BFAFD400A287D400A2A7CA
:106B3400D600A287D600A2A7D800A293D900A79313
:106B4400C400B7270E00F626019D183C2145400FCE
:106B54007045183720161C7C803002002110260353
:106B6400000041C4212866030000A0C4C0080046F8
:106B74001800A3E7D400A287802002002110240378
:106B8400000041C421186403000060C4800800466A
:106B94001C00A2E70000A1C40A1000000000824407
:106BA400010001462000A0E7000061C40A100000B3
:106BB40000008244010001462400A0E7211046039E
:106BC400000040C4010003460601004621104403AE
:106BD400000040C40100024646010046D600A287D8
:106BE4008020020021104403000041C42118240322
:106BF400000060C401080046C6000046C400A22785
:106C040021104400000060C4000040E42000A0C73C
:106C1400420005462400A0C702000446810800463D
:106C24002000A0C7420004462400A0C70200054675
:106C3400000800460400BAAF0800ADE70C00ACE75A
:106C440046130046D911400F060300460C00ACC79A
:106C54000800ADC70400BA8F06010046FF00E23009
:106C64000100422C11004014000000700A100000C2
:106C7400000082443C2000460300004500000070F0
:106C84002A1B400B00000070C940023CDB0F423459
:106C94000000824401200046460000462A1B400BA7
:106CA400060900463A1B400B000000700A10000061
:106CB400000082443C0004460300004500000070CC
:106CC4003A1B400B00000070C940023CDB0F423409
:106CD4000000824400200046460000463A1B400B58
:106CE400060900460400ACE78601400F061B004677
:106CF4000400ACC742200D460400B9AF0800ACE75D
:106D0400460300467228400F060B00460800ACC735
:106D14000400B98F860000460A100000000882446F
:106D2400320001460300014500000070501B400B77
:106D3400000000707E1C400B0000007024A820C4DA
:106D4400031000460400ACE76413400F060300463A
:106D54000400ACC73000A0E7832000462800A2E767
:106D6400031800462C00A0E7003F023C0000423418
:106D7400000082440200024642000246803F023C78
:106D84000000423400008244010001463400A0E7C0
:106D94003800A2E7C400A42720161C7C801002003F
:106DA4002118820021102203000040C4000060E486
:106DB400D400A2878010020021188200211022032F
:106DC400000040C4000060E40400BCA70800BBAF9E
:106DD4000C00BAAF1000B9AF1400ACE75112400F69
:106DE4000AC800005112400F010019341400ACC746
:106DF4001000B98F0C00BA8F0800BB8F0400BC8749
:106E0400803F023C000042343C00A2AF3000A1C7E6
:106E14003C00A0C73E080046030000450000007087
:106E2400671C400B0000007030A82394D000A28798
:106E34002B10430015004010000000703800A1C75B
:106E44002000A0C7820001463400A1C72400A0C7C7
:106E540002000146C01000463400A1C72000A0C7AC
:106E6400820001463800A1C72400A0C702000146E1
:106E7400011000462000A0E72400A3E7D000A28769
:106E840001004224CC1B400BD000A2A72800A1C7BC
:106E94003C00A0C7020001460400BAAF0800ACE7FA
:106EA4007412400F06030046C60000462800A1C71E
:106EB4003C00A0C702000146AD00400F0603004697
:106EC4000800ACC70400BA8F20161C7C8010020096
:106ED40021206203000082C40A10000000088244DA
:106EE4004108024682080346D400A28780100200AB
:106EF40021186203000061C44208004640100146A4
:106F04002000A1E7000082C40A10000000088244A7
:106F14004108024642080046000060C402000346DD
:106F2400010800462400A0E7D000A0A7C400A427BD
:106F340020161C7C80100200211082002000A1C7B2
:106F44001800A0C700000146000040E4D400A28756
:106F540080100200211082002400A1C71C00A0C7D9
:106F640000000146000040E4D600A2878010020021
:106F740021108200000041C42C00A0C70008004674
:106F8400000040E420161C7C8018020021108300BD
:106F9400000041C421102303000040C4010800463E
:106FA4004000A0E7D400A2878018020021108300CB
:106FB400000041C421102303000040C4010800461E
:106FC4004400A0E705A922900F00401000000070C3
:106FD40020161C7C8010020021102203000041C4F2
:106FE4004000A0C7000001464000A0E7D400A287EB
:106FF4008010020021102203000041C44400A0C7F5
:10700400000001464400A0E70400BCA70800BBAF91
:107014000C00BAAF1000B9AF1400ACE7D400BA87C3
:1070240020CE1C7C866300464400ADC7DD35400F8E
:107034004000ACC71400ACC71000B98F0C00BA8F65
:107044000800BB8F0400BC870400BCA70800BBAFCA
:107054000C00BAAF1000B9AF2812400F1400ACE70F
:107064001400ACC71000B98F0C00BA8F0800BB8F96
:10707400070040100400BC87369022840100422897
:107084000300401400000070271C400B0000007037
:10709400291C400B00000070131C400B0000007002
:1070A4000400BCA70800BBAF0C00BAAF1000B9AF16
:1070B4001400ACE72501400F010019341400ACC7DB
:1070C4001000B98F0C00BA8F0800BB8F030040106A
:1070D4000400BC87291C400B00000070D400A28768
:1070E4008010020021104203000041C420161C7CC1
:1070F4008010020021104203000040C44800B7275A
:107104007900F626019D183C2145400FF4441837B8
:107114004800A327369022840400BCA70800BBAF14
:107124000C00BAAF1000B9AF1400ACE7E0FFBD2704
:107134001C00A2A71800A1E71400A0E76400A28F16
:107144001000A2AF6000A28F0C00A2AF5000A28F6B
:107154000800A2AF5C00A28F0400A2AF1F3B400F47
:107164000000A3AF2000BD271400ACC71000B98FE6
:107174000C00BA8F0800BB8F0400BC873C00A1C779
:10718400803F023C00004234000082440008004674
:10719400841B400B3C00A0E7D400A28780100200AF
:1071A40021104203000041C420161C7C8010020000
:1071B40021104203000040C40400BCA70800BBAF78
:1071C4000C00BAAF1000B9AFD400BA8720CE1C7C33
:1071D40086630046460B0046DD35400F0603004635
:1071E4001000B98F0C00BA8F0800BB8F0400BC8755
:1071F400369020A40000BF8F0800E003D400BD2710
:10476400F4FFBD270000BFAF8601400F00000070BA
:104774000800A0E70400ACE78601400F066B004682
:104784000400ACC70800A1C73C080046030000456C
:10479400000000700C12400B0000007003680C460F
:1047A4000400ACE75300400F060300460400ACC706
:1047B400460000460A100000000082443E000C46F9
:1047C40003000045000000700912400B0000007057
:1047D4000A100000000082443C68004603000045C3
:1047E400000000700112400B000000704940023CC0
:1047F400DB0F4234000082440712400B00080046DD
:104804004940023CDB0F4234000082440108004668
:1048140046000046060800460A12400B00000070DD
:10482400060800462512400B0000007003600D4688
:104834005300400F060300460A100000000882449B
:1048440001080046460000460A10000000008244A9
:104854003E000D4603000045000000701F12400B8F
:1048640000000070C93F023CDB0F42340000824468
:104874002512400B01080046C93F023CDB0F4234BD
:104884000000824400080046460000460608004630
:0C4894000000BF8F0800E0030C00BD27EF
:10061800FCFFBD270A100000000082443E000C4683
:1006280003000045000000709201400B00000070BC
:100638000A100000000082449301400B01000C46A0
:0C064800066000460800E0030400BD2727
:10014C00ECFFBD270000BFAF0400B9AF8601400F24
:10015C000800BAAF860000460A100000000882446E
:10016C003200014603000145000000706300400BA3
:10017C00000000700A1000009C00400B000082443C
:10018C00803F023C00004234000082443C000246A6
:10019C000A1000000200004500000070010002245B
:1001AC00070040100A184000803F023C0000423417
:1001BC0000008244030002467300400B8600004698
:1001CC0002100246460000460C00A1E71000ACE706
:1001DC0005001A34019D193C944939372700400F0A
:1001EC00060300461000ACC70C00A1C70210004665
:1001FC00860000460C00ACE704001A34019D193C43
:10020C00804A39372700400F060B00460C00ACC75C
:10021C00031000460700601046000046C93F023C30
:10022C00DB0F423400008244010001469000400B79
:10023C00460000460A100000000082443E000C46B6
:10024C0003000045000000709B00400B0000007094
:10025C000A100000000082449C00400B0100014683
:10026C00060800460800BA8F0400B98F0000BF8F43
:08027C000800E0031400BD2797
:10009C00FCFFBD2720161A7C8010020021102203C1
:1000AC00000040C446000046060800460A00401303
:1000BC000000007042600046FFFF422720D6027C01
:1000CC002016027C8010020021102203000040C484
:1000DC002E00400B000800460800E0030400BD277A
:104944006312400B000000700800023481BF1E3C5B
:104954007212400BC700C2A31000023481BF1E3C78
:104964007212400BC500C2A30800023481BF1E3C72
:104974007212400BD400C2A30200023481BF1E3C59
:104984007212400BC600C2A32016197CEEFF401021
:1049940000000070201E197C01000234EEFF62103A
:1049A40000000070201E197C02000234EEFF621029
:1049B40000000070201E197C03000234EEFF621018
:0C49C400000000700800E003000000701C
:1049D000FCFFBD270000BFAF4940023CDB0F423463
:1049E000000082443E600046030000450000007065
:1049F0008612400B000000709640023CE4CB42342B
:104A00000000824401600046AD00400F06030046EE
:104A10008C12400B00000070C93F023CDB0F423497
:104A20000000824400600046AD00400F06030046CF
:0C4A30000000BF8F0800E0030400BD2759
:1002B400ECFFBD270000BFAF0400B9AF0800BAAF20
:1002C4000A1800000A100000000082443E000C4698
:1002D4000300004500000070BF00400B00000070E8
:1002E4000A1000000000824401000C460603004688
:1002F400C000400B01000434FF006430223E023C85
:1003040083F942340000824402600046060300463A
:100314000C00ACE76413400F060300460C00ACC7A6
:10032400416000468040023C0000423400008244A8
:1003340042000146060B00460040023C00004234E5
:10034400000082443E08004603000045000000709F
:10035400DF00400B000000700040023C000042340B
:100364000000824401600046060300460100822C1E
:10037400E000400BFF004330FF008330803F023C2D
:1003840000004234000082443E6000460300004501
:1003940000000070ED00400B000000700040023CC3
:1003A400000042340000824401000C46060300466B
:1003B40002600C46460000460C00A1E71000ACE7C2
:1003C40004001A34019D193C584A39372700400F5C
:1003D400060300461000ACC70C00A1C7026000462B
:1003E400060300460C00ACE703001A34019D193CD7
:1003F400244B39372700400F060B00460C00ACC7CE
:100404000360004605006010060300460A10000061
:10041400000082440901400B01000C4606600046BE
:100424000800BA8F0400B98F0000BF8F0800E003F2
:040434001400BD27CC
:1048A00081BF1E3CC200C2834000427CFF004230F8
:1048B000C018020081BF1E3CD000C283C000427CF1
:1048C000FF004230801002002518620081BF1E3CAC
:1048D000C100C2830001427CFF0042304010020050
:1048E0002518620081BF1E3CC300C283C000427C09
:1048F000FF004230251062000800E0030000007055
:10D1C80050FFBD270000BFAF02B522846B0040149A
:10D1D800000000701CA820C424000046000002447F
:10D1E800088822AC7E1E400F0400B9A70400B98746
:10D1F800891E400F0400B9A70400B9872016197CBE
:10D208008018020000A0023C601042342120430034
:10D2180000008394DFFF023424106200000082A41F
:10D228002016197C8018020000A0023C60104234CD
:10D238002120430000008394F7FF02342410620089
:10D24800000082A42016197C8018020000A0023C6D
:10D25800601042342110430002004224000040A420
:10D26800951E400F0400B9A70400B98705000234D1
:10D2780002B522A44A34400F0400B9A70A0040149A
:10D288000400B9872016197C8018020000A0023C0F
:10D29800601042342110430002004324010002348C
:10D2A800E934400B000062A4088820C4A00080462E
:10D2B8002016197C80180200019D023C7C494234EA
:10D2C80021104300000041C4C842023C000042341F
:10D2D80000008244400800460A1000000000824412
:10D2E800010001460400B9A746130046E81C400F98
:10D2F800060300460400B9870400B9A72501400FBA
:10D3080001001934030040100400B987C034400BF1
:10D31800000000702016197C8018020000A0023C52
:10D328006010423421184300020062240000449433
:10D33800000062940600B7273400F626019D183CC9
:10D348002145400F4B4418370600A3270400B9A70E
:10D35800F0FFBD270C00A4A70800A2A702B52284ED
:10D368000400A2A71F3B400F0000A3AF1000BD2779
:10D378000400B987DA35400B2016197C02B52384DE
:10D3880005000234F500621400000070491D400FCA
:10D398000400B9A7A90040100400B98718A820C440
:10D3A8002400004600000244088822AC0400B9A703
:10D3B8002501400F01001934030040100400B9870B
:10D3C800ED34400B000000702016197C8018020014
:10D3D80000A0023C601042342110430002004224A5
:10D3E800000042943A00B7271B00F626019D183C1E
:10D3F8002145400F7F4418373A00A3270400B9A7F6
:10D40800F0FFBD270C00A2A70800B9A7019D023CA8
:10D418002E4C42340400A2AF1F3B400F0000A3AFC4
:10D428001000BD270400B9872016197C8018020057
:10D4380000A0023C601042342110430000004294D6
:10D4480020004230FFFF42307C0040140000007092
:10D458002016197C8018020000A0023C601042349B
:10D46800211043000000429408004230FFFF423080
:10D4780072004014000000702016197C8018020009
:10D4880000A0023C601042342110430002004224F4
:10D4980000004294FFFF4330010002341F00621471
:10D4A800000000702016197C8018020000A0023CC1
:10D4B800601042342118430000006294080042348E
:10D4C800000062A42016197C8018020000A0023C0B
:10D4D800601042342120430000008394FBFF023493
:10D4E80024106200000082A436A822940400B9A780
:10D4F8005F1A400F0AC840000400B9874041023C47
:10D50800000042340400B9A718A82DC4E81C400F35
:10D51800006082449135400B0400B9872016197CBD
:10D528008018020000A0023C601042342110430021
:10D538000200422400004294FFFF42300200422CC5
:10D548003E004014000000702016197C801802006C
:10D5580000A0023C6010423421184300000062948D
:10D5680020004234000062A44C2A400F0400B9A7EE
:10D578000400B9870100222720CE027C02B520A42E
:10D588002016027C8018020000A0023C6010423481
:10D598002110430002004224000040A40400B9A75F
:10D5A8002501400F01001934030040100400B98719
:10D5B8006935400B000000702016197C80180200A5
:10D5C80000A0023C601042342110430002004224B3
:10D5D800000042945500B7272B00F626019D183C01
:10D5E8002145400F9A4418375500A3270400B9A7CE
:10D5F800ECFFBD271000A2A70C00B9A702B5228432
:10D608000800A2A7019D023C444B42340400A2AF8B
:10D618001F3B400F0000A3AF1400BD270400B987CB
:10D628000400B9A718A82DC4E81C400F20A82CC4D2
:10D638000400B987DA35400B2016197CF719400F1A
:10D648000400B9A7450040100400B9872016197CCA
:10D658008018020000A0023C6010423421104300F0
:10D66800020043240000629401004224000062A4E6
:10D678002016197C8018020000A0023C6010423479
:10D68800211043000000429408004230FFFF42305E
:10D6980011004010000000702016197C801802004C
:10D6A80000A0023C60104234212043000000839413
:10D6B800F7FF023424106200000082A491C3023CE8
:10D6C800000042340400B9A718A82DC4E81C400F74
:10D6D800006082440400B9870400B9A72501400FFF
:10D6E80001001934030040100400B987B835400B15
:10D6F800000000702016197C8018020000A0023C6F
:10D708006010423421104300000044940200422477
:10D71800000042948000B7272F00F626019D183C90
:10D728002145400FC54418378000A3270400B9A736
:10D73800ECFFBD271000A4A70C00A2A70800B9A7FA
:10D74800019D023C314C42340400A2AF1F3B400F04
:10D758000000A3AF1400BD270400B9872016197C68
:0CD768000000BF8F0800E003B000BD27E8
:1079F800201E197C0C0002341900430012180000E4
:107A080000A0023C500F42342110430002004224DF
:0C7A1800000040A00800E0030000007027
:107A2400201E197C0C0002341900430012180000B7
:107A340000A0023C500F42342110430003004324B1
:107A440001000234000062A00800E003000000709E
:107A5400AF1E400B0000007086BF1E3C3106C2837F
:107A64008431027C86BF1E3CBE1E400B3106C2A37D
:107A740086BF1E3C3106C2834408027C86BF1E3C7E
:107A8400BE1E400B3106C2A386BF1E3C3004C28317
:107A94000421027C86BF1E3CBE1E400B3004C2A3E0
:107AA40086BF1E3C3000C2834429027C86BF1E3C34
:107AB400BE1E400B3000C2A32016197CE6FF401006
:107AC40000000070201E197C01000234E8FF6210DF
:107AD40000000070201E197C02000234EAFF6210CC
:107AE40000000070201E197C03000234ECFF6210B9
:0C7AF400000000700800E00300000070BB
:1073A000D4FFBD270000BFAF0400B9A70800ADE7B8
:1073B0004C2A400F0C00ACE70C00ACC70800ADC76E
:1073C0000400B987201E197C4400023419004300D0
:1073D0001218000000A0023C00314234211043008A
:1073E00004004224000040A40400B9A70800ADE74F
:1073F0000C00ACE72501400F010019340C00ACC7AC
:107400000800ADC7030040100400B987FA1C400B08
:10741000000000701000B7271500F626019D183CEB
:107420002145400F1A4A18371000A2270400B9A7B7
:107430000800ADE70C00ACE7F0FFBD270C00B9A7D2
:107440000800ADE70400ACE71F3B400F0000A2AF0F
:107450001000BD270C00ACC70800ADC70400B987F9
:10746000201E197C44000234190043001218000049
:1074700000A0023C00314234211043003800422475
:107480002800A2AF0400B9A7C428400F0800ADE748
:107490000800ADC70400B9872800A38F000062ACC4
:1074A0002042023C0000423400008244436800460F
:1074B0007042023C0000423400008244030800464F
:1074C000460300460400B9A74103400F06030046E7
:1074D0000400B98746030046201E197C440002348C
:1074E000190043001218000000A0023C0031423491
:1074F00021104300380042240000428C00088244DE
:10750000600880460400B9A746030046F332400FE6
:10751000060B00460400B9870000BF8F0800E00397
:047520002C00BD2757
:10752400F8FFBD270000BFAF201E197C0C000234F9
:10753400190043001218000000A0023C500F42340E
:1075440021104300010042244012400F0400A2AF66
:10755400010043300400A28F000043A0201E197CC8
:107564000C000234190043001218000000A0023C71
:10757400500F423421204300010082240000439034
:107584000300822400004290FF006330FF00423079
:107594002B10620003004010000000706B1D400BB4
:1075A400010004340A200000201E197C0C0002345F
:1075B400190043001218000000A0023C500F42348E
:1075C40021104300030043240100422400004290A0
:1075D400000062A0FF0082300000BF8F0800E003BB
:0475E4000800BD27B7
:10490000201E197C0C00023419004300121800000C
:1049100000A0023C500F423421104300000042909E
:104920004000427C01004230030040100000007053
:104930004F12400B010002340A1000000800E0038F
:044940000000007003
:10697C000300023C400D4234190059001210000073
:10698C0042110200FFFF42240A2040000A18800036
:10699C00FFFF82241D0060100A20400000000070E0
:1069AC00000000700000007000000070000000701B
:1069BC00000000700000007000000070000000700B
:1069CC0000000070000000700000007000000070FB
:1069DC0000000070000000700000007000000070EB
:1069EC0000000070000000700000007000000070DB
:1069FC0000000070000000700000007000000070CB
:106A0C0000000070661A400B00000070000000705F
:106A1C0000000070000000700000007000000070AA
:106A2C00000000700000007000000070000000709A
:106A3C00000000700000007000000070000000708A
:106A4C00000000700000007000000070000000707A
:0C6A5C00000000700800E0030000007063
:1067DC00F8FFBD270000BFAF201E197C0C0002344F
:1067EC00190043001218000000A0023C500F423464
:1067FC0021104300010042244012400F0400A2AFBC
:10680C00010043300400A28F000043A0201E197C1D
:10681C000C000234190043001218000000A0023CC6
:10682C00500F423421204300010082240000439089
:10683C000200822400004290FF006330FF004230CF
:10684C002B1043000300401000000070191A400B7D
:10685C00010004340A200000201E197C0C000234B4
:10686C00190043001218000000A0023C500F4234E3
:10687C0021104300020043240100422400004290F6
:10688C00000062A0FF0082300000BF8F0800E00310
:04689C000800BD270C
:10DFFC00FCFFBD270000BFAF1AB5228410004230D1
:10E00C002016027C1B004014000000701AB52284FC
:10E01C00100042341438400B1AB522A41AB52284CD
:10E02C00200042349231400F1AB522A4AE30400F7A
:10E03C0000000070281A400F000000702038400BC0
:10E04C000000007002B5238403000234F3FF621059
:10E05C000000007002B5238404000234EFFF62104C
:10E06C000000007002B5238405000234EBFF62103F
:10E07C00000000700000BF8F0800E0030400BD2703
:1068A0000A2000002016047C040042281100401039
:1068B000000000702016047C8018020000A0023C3A
:1068C0006010423421104300000040A42016047CD4
:1068D0008018020000A0023C6010423421104300E6
:1068E00002004224000040A401008224291A400B27
:0C68F0002026027C0800E003000000707D
:10E09C0000A01E3C0226C0A70A1000000800E003E6
:04E0AC000000007000
:10FE400000A01E3C1626C2870800E00300000070D8
:10FE300000A01E3C1626D9A70800E00300000070B1
:020000041D01DC
:10029800F8FFBD270000BFAF00A01E3C0929C2938C
:1002A8000000422C080040140000007000A01E3C12
:1002B8000929C2930300422C03004010000000707B
:1002C800B840400B000000700400B9A72338400F65
:1002D800060019340400B98701000234369022A4BC
:1002E8002016197C0000BF8F0800E0030800BD2716
:100A6400F8FFBD270000BFAF00A01E3C0629C293BB
:100A7400FFFF4228080040140000007000A01E3C44
:100A84000629C2930200422C0300401000000070AB
:100A9400AB42400B000000700400B9A72338400F9C
:100AA400060019340400B98701000234369022A4E8
:100AB4002016197C0000BF8F0800E0030800BD2742
:0C1A30002016197C0800E0030000007084
:101A3C00F8FFBD270000BFAF0400B9AF00B522848A
:101A4C0020004010000000702933400F000000708F
:101A5C0000B520A41AB520A432A82294020042306A
:101A6C00FFFF423003004010000000700100023400
:101A7C0018B522A402B523840100023408006214B4
:101A8C000000007032A8229410004230FFFF423058
:101A9C0003004010000000700600023402B522A4BE
:101AAC0002B52384060002340500621400000070A5
:101ABC00A43C400F02001934B446400B00000070E7
:101ACC0002B520A40400B98F0000BF8F0800E0030A
:041ADC000800BD271A
:020000041D00DD
:10F29000E0FFBD27333D400B0000BFAF0400B9A71E
:10F2A0002501400F01001934030040100400B98704
:10F2B000A73C400B0000007025001E340600BEA3D2
:10F2C00073001E340700BEA30D001E340800BEA349
:10F2D0000A001E340900BEA30AF000000A00BEA303
:10F2E0000600A327019D023C2F4A42340400B9A71F
:10F2F000F8FFBD270400A2AF1F3B400F0000A3AFE3
:10F300000800BD27473D400B0400B9870400B9A79A
:10F310002501400F01001934030040100400B98793
:10F32000C33C400B0000007025001E340B00BEA340
:10F3300073001E340C00BEA30D001E340D00BEA3CE
:10F340000A001E340E00BEA30AF000000F00BEA388
:10F350000B00A327019D023CAC4942340400B9A72D
:10F36000F8FFBD270400A2AF1F3B400F0000A3AF72
:10F370000800BD27473D400B0400B9870400B9A72A
:10F380002501400F01001934030040100400B98723
:10F39000DF3C400B0000007025001E341000BEA3AF
:10F3A00073001E341100BEA30D001E341200BEA354
:10F3B0000A001E341300BEA30AF000001400BEA30E
:10F3C0001000A327019D023C6C4A42340400B9A7F7
:10F3D000F8FFBD270400A2AF1F3B400F0000A3AF02
:10F3E0000800BD27473D400B0400B9870400B9A7BA
:10F3F0002501400F01001934030040100400B987B3
:10F40000FB3C400B0000007025001E341500BEA31D
:10F4100073001E341600BEA30D001E341700BEA3D9
:10F420000A001E341800BEA30AF000001900BEA393
:10F430001500A327019D023CA54B42340400B9A747
:10F44000F8FFBD270400A2AF1F3B400F0000A3AF91
:10F450000800BD27473D400B0400B9870400B9A749
:10F460002501400F01001934030040100400B98742
:10F47000173D400B0000007025001E341A00BEA38B
:10F4800073001E341B00BEA30D001E341C00BEA35F
:10F490000A001E341D00BEA30AF000001E00BEA319
:10F4A0001A00A327019D023C6E4B42340400B9A709
:10F4B000F8FFBD270400A2AF1F3B400F0000A3AF21
:10F4C0000800BD27473D400B0400B987201E197C6A
:10F4D0000100023471FF621000000070201E197CD0
:10F4E0000200023489FF621000000070201E197CA7
:10F4F00003000234A1FF621000000070201E197C7E
:10F5000004000234B9FF621000000070201E197C54
:10F5100005000234D1FF6210000000700000BF8FB0
:08F520000800E0032000BD27F4
:020000041D01DC
:101C7400F4FFBD270000BFAF0400B9AF1AB522843A
:101C840053004010000000701AB524841AB5228451
:101C94006000423022004010000000700600023450
:101CA40002B522A4400082301400401000000070ED
:101CB4000800A4A74A3D400FFFFF1934A43C400F7D
:101CC400010019340800A4871AB52384EFFF0234F5
:101CD400241062001AB522A43947400B201E047C4C
:101CE4001AB52284100042302016027CFCFF4010FA
:101CF400000000704447400B2026037C0800A4A782
:101D04004A3D400FFEFF19340800A4871AB5238406
:101D14009FFF0234241062004947400B1AB522A4E5
:101D240010008230040040100000007001000234F2
:101D34007547400B00B522A4010082300800401012
:101D4400000000702C39400F0800A4A70800A487E5
:101D54001AB52384FEFF0234241062001AB522A4AB
:101D64000800823005004010000000701AB523847A
:101D7400F7FF0234241062001AB522A40400823052
:101D840005004010000000701AB52384FBFF0234E4
:101D9400241062001AB522A4020082300C00401004
:101DA4000000007032A8229402004230FFFF42304B
:101DB40003004010000000700100023418B522A492
:101DC4001AB52384FDFF0234241062001AB522A43C
:101DD4000400B98F0000BF8F0800E0030C00BD278A
:020000041D00DD
:10F52800E8FFBD270000BFAF0400B9A72501400FC1
:10F5380001001934030040100400B9874C3D400B0A
:10F548000000007025001E340600BEA373001E34A0
:10F558000700BEA30AF000000800BEA30600A32708
:10F56800019D023CC04B42340400B9A7F8FFBD27F7
:10F578000400A2AF1F3B400F0000A3AF0800BD2747
:10F588009C3D400B0400B9870400B9A72501400F32
:10F5980001001934030040100400B987643D400B92
:10F5A8000000007025001E340900BEA373001E343D
:10F5B8000A00BEA30D001E340B00BEA30A001E34B1
:10F5C8000C00BEA30AF000000D00BEA30900A3278B
:10F5D800019D023C794B42340400B9A7F8FFBD27CE
:10F5E8000400A2AF1F3B400F0000A3AF0800BD27D7
:10F5F800A63D400B0400B9870400B9A72501400FB8
:10F6080001001934030040100400B987803D400B05
:10F618000000007025001E340E00BEA373001E34C7
:10F628000F00BEA30D001E341000BEA30A001E3436
:10F638001100BEA30AF000001200BEA30E00A3270B
:10F64800019D023CA74A42340400B9A7F8FFBD2730
:10F658000400A2AF1F3B400F0000A3AF0800BD2766
:10F66800A63D400B0400B987201E197CFFFF023C11
:10F67800FFFF4234C4FF621000000070201E197C96
:10F68800FFFF023CFEFF4234DBFF62100000007007
:10F698000400B9A72501400F0100193403004010E8
:10F6A8000400B987A63D400B0000007025001E34F9
:10F6B8001300BEA373001E341400BEA30D001E3435
:10F6C8001500BEA30A001E341600BEA30AF00000EF
:10F6D8001700BEA31300A327019D023CB84B423478
:10F6E8000400B9A7F8FFBD270400A2AF1F3B400FD5
:10F6F8000000A3AF0800BD270400B987FC01183C2F
:10F7080054A01837FFFF1827FEFF001700000070ED
:10F7180000000070000000700000BF8F0800E003C8
:04F728001800BD27E1
:10E4B000B4FFBD270000BFAF0400B9AF0800BAAF7A
:10E4C0002501400F010019340300401000000070C6
:10E4D0003039400B00000070A139400B0000007083
:10E4E00025001E340E00BEA373001E340F00BEA311
:10E4F0000AF000001000BEA30E00A327019D023CFD
:10E50000F64B4234F8FFBD270400A2AF1F3B400F7B
:10E510000000A3AFBC39400B0800BD2725001E3406
:10E520001100BEA373001E341200BEA30AF0000047
:10E530001300BEA31100A327019D023CC84B423427
:10E54000F8FFBD270400A2AF1F3B400F0000A3AFA0
:10E55000BC39400B0800BD2725001E341400BEA3A3
:10E5600073001E341500BEA30AF000001600BEA3FF
:10E570001400A327019D023C0A4C4234F8FFBD273A
:10E580000400A2AF1F3B400F0000A3AFBC39400BFB
:10E590000800BD2725001E341700BEA373001E34DB
:10E5A0001800BEA30AF000001900BEA31700A3279D
:10E5B000019D023CF04B4234F8FFBD270400A2AF9E
:10E5C0001F3B400F0000A3AFBC39400B0800BD2724
:10E5D00025001E341A00BEA373001E341B00BEA308
:10E5E0000AF000001C00BEA31A00A327019D023CF4
:10E5F000FC4B4234F8FFBD270400A2AF1F3B400F85
:10E600000000A3AFBC39400B0800BD2725001E3415
:10E610001D00BEA373001E341E00BEA30AF000003E
:10E620001F00BEA31D00A327019D023CCF4B423417
:10E63000F8FFBD270400A2AF1F3B400F0000A3AFAF
:10E64000BC39400B0800BD2725001E342000BEA3A6
:10E6500073001E342100BEA30AF000002200BEA3F6
:10E660002000A327019D023CD64B4234F8FFBD2772
:10E670000400A2AF1F3B400F0000A3AFBC39400B0A
:10E680000800BD2702B5228495FF401000000070ED
:10E6900002B5238402000234A0FF62100000007063
:10E6A00002B5238403000234ABFF62100000007047
:10E6B00002B5238404000234B6FF6210000000702B
:10E6C00002B5238405000234C1FF6210000000700F
:10E6D00002B5238406000234CCFF621000000070F3
:10E6E00002B5238407000234D7FF621000000070D7
:10E6F0000A2000002016047C050042282A00401051
:10E70000000000702016047C8018020000A0023C6B
:10E71000280F4234211043004800A2AF201E047C81
:10E7200044000234190043001218000000A0023C0B
:10E7300000314234211043003C0042240000428C4E
:10E740000C00A4A720D6047CC111400F0AC84000C9
:10E750000C00A4874800A28F000040E432A8229455
:10E7600001004230FFFF42300C00401000000070FA
:10E770002016047C8018020000A0023C280F4234BE
:10E7800021184300000061C4213D023C8B42423409
:10E790000000824402080046000060E40100822478
:10E7A000BD39400B2026027C2501400F01001934A1
:10E7B0000300401000000070EA39400B00000070B8
:10E7C0002300B7271100F626019D183C2145400F74
:10E7D000814718372300A327308F228CF0FFBD27F5
:10E7E0000C00A2AF2C8F228C0800A2AF288F228CA5
:10E7F0000400A2AF1F3B400F0000A3AF1000BD27D5
:10E800000A2800002016057C030042283000401032
:10E810000000007032A8229401004230FFFF423015
:10E8200017004010000000702016057C80200200B8
:10E8300000A0023C280F42342118440000A0023CF2
:10E840003029423421104400000041C400A0023CA1
:10E850004029423421104400000040C440080046D2
:10E86000213D023C8B424234000082444208004673
:10E87000000060C401000146313A400B000060E432
:10E880002016057C8020020000A0023C280F4234A4
:10E890002118440000A0023C3029423421104400D9
:10E8A000000041C400A0023C402942342110440031
:10E8B000000040C440080046000060C4010001465A
:10E8C000000060E40100A224013A400B202E027CEB
:10E8D0002501400F010019340300401000000070B2
:10E8E000343A400B000000703400B7271200F626BF
:10E8F000019D183C2145400F924718373400A3274B
:10E90000308F228CF0FFBD270C00A2AF2C8F228C01
:10E910000800A2AF288F228C0400A2AF1F3B400F3B
:10E920000000A3AF1000BD270800BA8F0400B98F04
:0CE930000000BF8F0800E0034C00BD2772
:020000041D01DC
:101AE000B0FFBD270000BFAF0400B9AF533A400FAD
:101AF0000800BAAF2026027C2016027C0100422892
:101B000024004010000000704F3A400F00000070A9
:101B10001E0040100000007000A01E3C0020DE37B8
:101B20000A20C00300008290FF0043303F000234CF
:101B3000120062100000007000008290FF0043302D
:101B40007E0002340D0062100000007000008290E0
:101B5000FF004330210002340800621000000070D2
:101B600000008290FF00433018000234030062102E
:101B700000000070E346400B000000703533400F5A
:101B8000000099907C2E400F0AC800001747400BB8
:101B9000000000704E00A0A70E00A2270C00A4A712
:101BA00040001A34702E400F0AC840000C00A48771
:101BB0000E00A2270C00A4A720D6047CBD2E400F47
:101BC0000AC840000C00A48700A01E3C0026C29357
:101BD00001004230FF004230070040140000007056
:101BE0000E00A22720D6047C8630400F0AC8400091
:101BF0001847400B0A1000000E00A2270000429078
:101C0000FF0043303F000234030062140000007004
:101C10001847400B4E00A2870E00A2270C00A4A775
:101C200020D6047C6D2C400F0AC840000C00A4870D
:101C30004E00A2A7201E027C14000234070062148A
:101C4000000000700E00A22720D6047CD72E400F83
:101C50000AC840005F33400F4E00A2A74E00A28783
:101C60000800BA8F0400B98F0000BF8F0800E0039E
:041C70005000BD273C
:020000041D00DD
:10E94C001A8F2384188F22842A106200060040102C
:10E95C00000000701A8F2384188F22842310430028
:10E96C00663A400B1C8F22A4188F23841A8F2284A2
:10E97C002A1062000400401000000070188F2284DE
:10E98C00663A400B1C8F22A41C8F20A41C8F22845F
:08E99C000800E0030000007018
:10E93C0081BF1E3CE010C28F0800E0030000007095
:10CCD400FCFFBD274A33400B0000BFAF1AB52284C6
:10CCE400010042345C33400B1AB522A41AB52284E5
:10CCF400020042345C33400B1AB522A41AB52284D4
:10CD0400080042345C33400B1AB522A4FF37400FAD
:10CD1400000000705C33400B000000705C33400B7B
:10CD240000000070FF0023333F000234EBFF621069
:10CD340000000070FF0023337E000234EBFF62101A
:10CD440000000070FF00233321000234EBFF621067
:10CD540000000070FF00233318000234EBFF621060
:10CD6400000000704833400B000000700000BF8FCB
:08CD74000800E0030400BD27E4
:10B9F000F8FFBD270000BFAF2016197C1B004014C4
:10BA00000000007081BF1E3C7810C28F400042349D
:10BA100081BF1E3C7810C2AF0400B9A72501400FBA
:10BA20000AC80000030040100400B987862E400BAE
:10BA3000000000709A1A400F000000700400B9A7BF
:10BA40002501400F0AC80000030040140400B98714
:10BA50008F2E400B0000007081BF1E3C6010C28F13
:10BA600080004230BA2E400BC2110200201E197C09
:10BA7000010002341B0062140000007081BF1E3CF4
:10BA80003811C28F4000423481BF1E3C3811C2AF12
:10BA90000400B9A72501400F01001934030040102C
:10BAA0000400B987A42E400B000000700400B9A761
:10BAB0002501400F01001934030040140400B98728
:10BAC000AB2E400B00000070062A400F00000070F3
:10BAD00081BF1E3C2011C28F80004230BA2E400B25
:10BAE000C2110200FF0002340000BF8F0800E00313
:04BAF0000800BD2766
:10B9C000F4FFBD270000BFAF0400BAAF0800BBAF53
:10B9D00020DE1A7CBE40400F0AD000000800BB8F5A
:10B9E0000400BA8F0000BF8F0800E0030C00BD27E1
:10BAF400F4FFBD270000BFAF0400BBAF1A8F228440
:10BB040021105A002016027CF4014228020040143D
:10BB1400000000701A8F20A41A8F238400A0023C16
:10BB2400240D4234211043000800BAA720DE1A7CF9
:10BB34000045400F0AD040000800BA871A8F2284BB
:10BB440021105A001A8F22A40400BB8F0000BF8F5B
:08BB54000800E0030C00BD270E
:10C21800FCFFBD270000BFAF0A2020030A2800004A
:10C22800201E057C20161A7C2A1043001300401497
:10C23800000000702016057C21108200000042904A
:10C24800FF0043303F000234090062140000007010
:10C2580000A01E3C0026C2930100423400A01E3CF0
:10C268003F1A400F0026C2A3A130400B0000007007
:10C278000100A2248A30400B202E027C0A000234DE
:10C2880081BF1E3C1011C2AF349022900400027C82
:10C29800349022A00000BF8F0800E0030400BD27EF
:1068FC00ECFFBD270000BFAF0400B9AF2501400F6E
:10690C00010019340300401000000070421A400BC3
:10691C00000000700800B7270900F626019D183CFE
:10692C002145400FAF4B18370800A327019D023CAF
:10693C00534B4234F0FFBD270C00A2AF019D023C2B
:10694C00E44B42340800A2AF019D023CEA4B4234B6
:10695C000400A2AF1F3B400F0000A3AF1000BD27E7
:10696C000400B98F0000BF8F0800E0031400BD279E
:10B1B400D4FFBD270000BFAF0400B9AF0800BAAF89
:10B1C4000C00BBAF00002293FF0043302400023484
:10B1D400BE0162140000007001002227C72D400B3D
:10B1E4002800A2AFC01E400F000000702C2E400BA0
:10B1F4001800A0A76325400F000000702C2E400B00
:10B204001800A0A7BC25400F000000702C2E400B96
:10B214001800A0A78123400F000000702C2E400BC3
:10B224001800A0A71800A0A702B5238407000234C1
:10B234000700621400000070FF37400F0000007028
:10B24400A43C400F050019349E2C400B00000070F4
:10B2540002B5228403004010000000700B00023489
:10B264001800A2A70700023402B522A4A43C400F90
:10B27400040019342C2E400B0000007002B5238406
:10B28400060002340400621400000070A43C400F65
:10B294000300193402B520A42C2E400B1800A0A7DB
:10B2A4001800A0A732A8229410004230FFFF4230B9
:10B2B4002B0040100000007002B5228407004010EB
:10B2C4000000007002B523840600023403006210FB
:10B2D40000000070D42C400B00000070CF40400FE1
:10B2E400000000706D23400F0A0019340A18000092
:10B2F4002016037C050042280C004010000000705A
:10B304001000A3A71200BAA71400B9AF7723400F07
:10B3140020CE037C1400B98F1200BA871000A387D3
:10B3240001006224BD2C400B201E027C00B5228447
:10B334000400401000000070FEFF02342C2E400B6D
:10B344001800A2A7D72C400B000000700B00023499
:10B354002C2E400B1800A2A7DC2C400B0000007020
:10B36400070002342C2E400B1800A2A73490229020
:10B37400010042342C2E400B349022A03F1A400F7F
:10B38400000000702C2E400B0000007002002227E9
:10B3940000004290FF0042302000422C2800401060
:10B3A400000000700A1800002016037C02004228E6
:10B3B40021004010000000701000A3A71200BAA7DB
:10B3C4001400B9AF0AD020036427400F20CE037CB9
:10B3D4001400B98F1200BA870A0040101000A38726
:10B3E4001000A3A71200BAA71400B9AF0241400F7E
:10B3F4000A0019341400B98F1200BA870C2D400BBF
:10B404001000A3871000A3A71200BAA71400B9AFB5
:10B414000AD020031628400F20CE037C1400B98FD5
:10B424001200BA871000A3871800A0A701006224A5
:10B43400EB2C400B201E027C2C2E400B00000070D5
:10B44400010007340200222700004290FF0042302E
:10B454003000422C15004014000000700200222726
:10B4640000004290FF0042303A00422C0F0040108E
:10B474000000007030001E341A00BEA30AF0000061
:10B484001B00BEA31A00A32702002227000042903B
:10B49400000062A01000B9AF3428400F0AC8600051
:10B4A4001000B98F2E2D400B2026027C2C2E400B31
:10B4B400000000701100E01000000070030022275B
:10B4C40000004290FF0043303D0002340700621048
:10B4D400000000707E3F400F000000707E3F400F70
:10B4E40000000070402D400B000000700400222773
:10B4F4000AD04000B627400F20CE047C2C2E400BEF
:10B504001800A0A70200222700004290FF00433049
:10B514003D0002340900621000000070030022277D
:10B5240000004290FF0043303D00023403006210EB
:10B5340000000070C52D400B000000701C00B727F0
:10B544000900F626019D183C2145400F864B18370B
:10B554000A300000000880440200222700004290C4
:10B56400FF0043303D0002342100621400000070EB
:10B57400010023271C00A2271000B9AF01001B34CF
:10B584000AD060000045400F0AC840001C00A227F2
:10B594004902400F00005990080040101000B98F74
:10B5A4001C00A2271000B9AF3428400F0AC840007D
:10B5B4001000B98F702D400B2036027C0300222727
:10B5C4001000B9AF7E3F400F0AC840001000B98F89
:10B5D400030024271C00A32720DE027C0AD080005D
:10B5E4000045400F0AC86000AE2D400B203E067C8B
:10B5F4000300222700004290FF0043303D00023444
:10B604002B00621400000070010023271C00A227F5
:10B614001000B9AF02001B340AD060000045400F8F
:10B624000AC840001C00A2274902400F000059909C
:10B63400080040101000B98F1C00A2271000B9AFF9
:10B644003428400F0AC840001000B98F972D400BD2
:10B65400202E027C202E067C1C00A2271000B9AFED
:10B6640009001B340AD00000BE40400F0AC8400045
:10B674001000B98F040022271000B9AF7E3F400F9D
:10B684000AC840001000B98F040024271C00A32717
:10B694001000A5A720DE027C0AD080000045400FE0
:10B6A4000AC860001000A587AE2D400B203E057C23
:10B6B400203E067C0A100000000082443C0800463C
:10B6C4000300004500000070BC2D400B000000701A
:10B6D4001C00A2274902400F0000599003004010AB
:10B6E40000000070BE2D400B000000700300023407
:10B6F4001800A2A71C00A2278427400F0AC84000F4
:10B7040006030046871F400F20CE077C1800A0A721
:10B714002C2E400B000000702800A48F00008290A3
:10B72400FF0043300D000234AEFE621000000070D2
:10B7340000008290FF0043300A000234A9FE621028
:10B744000000007000008290FF00433024000234A7
:10B75400A8FE62100000007000008290FF004330D9
:10B7640023000234A7FE62100000007000008290E3
:10B77400FF00433047000234A6FE62100000007050
:10B7840000008290FF00433043000234A5FE6210A3
:10B794000000007000008290FF0043305800023423
:10B7A400B6FE62100000007000008290FF0043307B
:10B7B40048000234BAFE621000000070000082905B
:10B7C400FF00433049000234ECFE621000000070B8
:10B7D40000008290FF0043304E000234EBFE621002
:10B7E4000000007000008290FF00433030000234FB
:10B7F40044FF62100000007000008290FF0043309C
:10B80400310002343FFF621000000070000082909B
:10B81400FF004330320002343AFF6210000000702F
:10B8240000008290FF0043303300023435FF621081
:10B834000000007000008290FF00433034000234A6
:10B8440030FF62100000007000008290FF0043305F
:10B85400350002342BFF621000000070000082905B
:10B86400FF0043303600023426FF621000000070EF
:10B8740000008290FF0043303700023421FF621041
:10B884000000007000008290FF0043303800023452
:10B894001CFF62100000007000008290FF00433023
:10B8A4003900023417FF62100000007034902290B7
:10B8B4000000427C03004014000000700241400F6D
:10B8C4001800B987372E400B1800A28714000234E1
:10B8D4001800A2A7140002340C00BB8F0800BA8F12
:10B8E4000400B98F0000BF8F0800E0032C00BD27BF
:107B0000F4FFBD270000BFAF0400B9AF2501400F4F
:107B1000010019340300401000000070C31E400B28
:107B20000000007025001E340800BEA373001E3440
:107B30000900BEA30AF000000A00BEA30800A327A4
:107B4000019D023C86404234F8FFBD270400A2AFED
:107B50001F3B400F0000A3AF0800BD270400B98FF2
:0C7B60000000BF8F0800E0030C00BD27F0
:10958C0054FDBD270000BFAF0400B9AF2501400F4B
:10959C000100193403004010000000706625400BD8
:1095AC000000007032A8229410004230FFFF4230BD
:1095BC00000048382B40080032A8229408004230A2
:1095CC00FFFF4230000047382B38070032A82294A6
:1095DC0004004230FFFF4230000046382B300600BA
:1095EC0032A8229402004230FFFF4230000045387E
:1095FC002B28050032A8229401004230FFFF423094
:10960C00000044382B2004000800B727A202F626DD
:10961C00019D183C2145400FE43D18370800A32755
:10962C0020A8228CA0FFBD275C00A2AF36A82294F4
:10963C005800A2A71CA8228C5400A2AF18A8228CF8
:10964C005000A2AF40A822944C00A2A74800A8AF9B
:10965C004400A7AF4000A6AF3C00A5AF3800A4AFB4
:10966C003EA822943400A2A730A822943000A2A7CE
:10967C0024A8228C2C00A2AF2CA8228C2800A2AFEC
:10968C0028A8228C2400A2AF34A822942000A2A7E0
:10969C0042A822941C00A2A714A8228C1800A2AFE6
:1096AC0010A8228C1400A2AF3CA822941000A2A7F0
:1096BC0008A8228C0C00A2AF04A8228C0800A2AF30
:1096CC0000A8228C0400A2AF1F3B400F0000A3AFE8
:1096DC006000BD270400B98F0000BF8F0800E003B5
:0496EC00AC02BD27E8
:1096F000ACFFBD270000BFAF5011400F0400B9AF51
:109700000B004014000000707B0D400F0000007043
:10971000032A400F00000070050040140000007094
:109720000241400F0A0019346027400B000000700E
:10973000010002340800A2A70800A2870B004228FB
:1097400016014010000000702501400F010019347F
:109750000300401000000070D225400B0000007094
:109760005B001E340C00BEA347001E340D00BEA3D8
:109770000AF000000E00BEA30C00A227FCFFBD27CC
:109780001F3B400F0000A2AF0400BD272501400F82
:10979000010019340300401000000070E325400B65
:1097A000000000705B26400B0000007035001E3486
:1097B0000F00BEA334001E341000BEA33A001E34B6
:1097C0001100BEA30AF000001200BEA30F00A227E2
:1097D000FCFFBD271F3B400F0000A2AF7B26400BC4
:1097E0000400BD2735001E341300BEA335001E340F
:1097F0001400BEA33A001E341500BEA30AF00000F8
:109800001600BEA31300A227FCFFBD271F3B400F7D
:109810000000A2AF7B26400B0400BD2735001E349C
:109820001700BEA336001E341800BEA33A001E3433
:109830001900BEA30AF000001A00BEA31700A22759
:10984000FCFFBD271F3B400F0000A2AF7B26400B53
:109850000400BD2735001E341B00BEA337001E3494
:109860001C00BEA33A001E341D00BEA30AF0000077
:109870001E00BEA31B00A227FCFFBD271F3B400FFD
:109880000000A2AF7B26400B0400BD2735001E342C
:109890001F00BEA338001E342000BEA33A001E34B1
:1098A0002100BEA30AF000002200BEA31F00A227D1
:1098B000FCFFBD271F3B400F0000A2AF7B26400BE3
:1098C0000400BD2735001E342300BEA339001E341A
:1098D0002400BEA33A001E342500BEA30AF00000F7
:1098E0002600BEA32300A227FCFFBD271F3B400F7D
:1098F0000000A2AF7B26400B0400BD2732001E34BF
:109900002700BEA338001E342800BEA33A001E3430
:109910002900BEA30AF000002A00BEA32700A22748
:10992000FCFFBD271F3B400F0000A2AF7B26400B72
:109930000400BD2733001E342B00BEA330001E34AC
:109940002C00BEA33A001E342D00BEA30AF0000076
:109950002E00BEA32B00A227FCFFBD271F3B400FFC
:109960000000A2AF7B26400B0400BD270800A387A0
:10997000010002348DFF6210000000700800A38710
:109980000200023497FF6210000000700800A387F5
:1099900003000234A1FF6210000000700800A387DA
:1099A00004000234ABFF6210000000700800A387BF
:1099B00005000234B5FF6210000000700800A387A4
:1099C00006000234BFFF6210000000700800A38789
:1099D00007000234C9FF6210000000700800A3876E
:1099E00008000234D3FF6210000000700A00A0A734
:1099F0000A00A287040042286400401000000070A2
:109A00002501400F010019340300401000000070D0
:109A10008026400B0000007032A8229401004230E2
:109A2000FFFF42301D004010000000700800A287B8
:109A30004019020000A0023C0036423421184300C5
:109A40000A00A2878010020021106200000041C4B9
:109A5000213D023C8B424234000082440208004611
:109A600025001E342F00BEA366001E343000BEA3A6
:109A700020001E343100BEA30AF000003200BEA355
:109A80002F00A227F8FFBD270400A0E71F3B400FCF
:109A90000000A2AFBE26400B0800BD270800A28729
:109AA0004019020000A0023C003642342118430055
:109AB0000A00A2878010020021106200000040C44A
:109AC00025001E343300BEA366001E343400BEA33E
:109AD00020001E343500BEA30AF000003600BEA3ED
:109AE0003300A227F8FFBD270400A0E71F3B400F6B
:109AF0000000A2AF0800BD272501400F0100193466
:109B00000300401000000070BE26400B00000070F3
:109B10000A00A287030042280B00401000000070DA
:109B20002C001E343700BEA30AF000003800BEA38C
:109B30003700A227FCFFBD271F3B400F0000A2AF4C
:109B4000DF26400B0400BD275D001E343900BEA394
:109B50000D001E343A00BEA30A001E343B00BEA313
:109B60000AF000003C00BEA33900A227FCFFBD277D
:109B70001F3B400F0000A2AF0400BD270A00A287D0
:109B8000010042247C26400B0A00A2A70800A287FD
:109B900001004224CE25400B0800A2A72501400F5A
:109BA000010019340300401000000070E726400B4C
:109BB000000000705B001E343D00BEA347001E3451
:109BC0003E00BEA339001E343F00BEA332001E3447
:109BD0004000BEA33A001E344100BEA30AF00000BC
:109BE0004200BEA33D00A227FCFFBD271F3B400F44
:109BF0000000A2AF0400BD270A00A0A70A00A287A8
:109C0000040042285E004010000000702501400F53
:109C10000100193403004010000000700327400BBE
:109C20000000007032A8229401004230FFFF423051
:109C30001A004010000000700A00A287801802007D
:109C400000A0023C4029423421104300000041C4DE
:109C5000213D023C8B42423400008244020800460F
:109C600025001E344300BEA366001E344400BEA37C
:109C700020001E344500BEA30AF000004600BEA32B
:109C80004300A227F8FFBD270400A0E71F3B400FB9
:109C90000000A2AF3B27400B0800BD270A00A287A7
:109CA0008018020000A0023C4029423421104300E9
:109CB000000040C425001E344700BEA366001E34C9
:109CC0004800BEA320001E344900BEA30AF00000D5
:109CD0004A00BEA34700A227F8FFBD270400A0E763
:109CE0001F3B400F0000A2AF0800BD272501400F19
:109CF0000100193403004010000000703B27400BA6
:109D0000000000700A00A287030042280B004010E8
:109D1000000000702C001E344B00BEA30AF00000AF
:109D20004C00BEA34B00A227FCFFBD271F3B400FEA
:109D30000000A2AF5C27400B0400BD275D001E346D
:109D40004D00BEA30D001E344E00BEA30A001E34FB
:109D50004F00BEA30AF000005000BEA34D00A22792
:109D6000FCFFBD271F3B400F0000A2AF0400BD2732
:109D70000A00A28701004224FF26400B0A00A2A786
:109D80000400B98F0000BF8F0800E0035400BD2716
:0C454000749022840800E003000000706A
:1035EC00F8FFBD270000BFAF032A400F0400B9AF9E
:1035FC0006004014000000701BBD023C00C04234A9
:10360C000C8822ACC819400F0C88398C5011400F13
:10361C00000000703100401400000070188820ACCD
:10362C001888228C0900422C2A00401000000070DF
:10363C00008820AC0088228C0400422C2100401011
:10364C00000000701888228C801802000088228CE0
:10365C00211062008018020000A0023C00004234DD
:10366C00211043000000428C0A184000FFFF023C6E
:10367C00FFFF42340300621400000070A50D400BE4
:10368C000A1000000A1060008F12400F0AC8400098
:10369C001888228C4019020000A0023C00364234EB
:1036AC00211843000088228C801002002110620037
:1036BC00000040E40088228C01004224900D400B55
:1036CC00008822AC1888228C010042248B0D400B00
:1036DC00188822AC1E03400F0AC800000400B98FE2
:0C36EC000000BF8F0800E0030800BD27AD
:100C78007490228425105900749022A40800E0037F
:040C880000000070F8
:108E040080FFBD270000BFAF0400B9AF2501400FAC
:108E14000100193403004010000000708423400B4B
:108E240000000070D423400B000000705B001E346F
:108E34000800BEA347001E340900BEA330001E3440
:108E44000A00BEA30AF000000B00BEA30800A2277C
:108E5400FCFFBD271F3B400F0000A2AFE723400BE0
:108E64000400BD275B001E340C00BEA347001E3463
:108E74000D00BEA331001E340E00BEA30AF0000094
:108E84000F00BEA30C00A227FCFFBD271F3B400F11
:108E94000000A2AFE723400B0400BD275B001E3493
:108EA4001000BEA347001E341100BEA332001E34BE
:108EB4001200BEA30AF000001300BEA31000A227F4
:108EC400FCFFBD271F3B400F0000A2AFE723400B70
:108ED4000400BD275B001E341400BEA347001E34EB
:108EE4001500BEA333001E341600BEA30AF0000012
:108EF4001700BEA31400A227FCFFBD271F3B400F91
:108F04000000A2AFE723400B0400BD275B001E3422
:108F14001800BEA347001E341900BEA338001E3437
:108F24001A00BEA330001E341B00BEA30AF00000CA
:108F34001C00BEA31800A227FCFFBD271F3B400F47
:108F44000000A2AFE723400B0400BD2708A922902C
:108F5400B6FF40100000007008A9239001000234FD
:108F6400C0FF62100000007008A9239002000234C0
:108F7400CAFF62100000007008A9239003000234A5
:108F8400D4FF62100000007008A92390040002348A
:108F9400DEFF6210000000702501400F010019344B
:108FA4000300401000000070E723400B0000007035
:108FB4000EA922843600432420001E341D00BEA3C3
:108FC40047001E341E00BEA325001E341F00BEA38E
:108FD40064001E342000BEA30AF000002100BEA3DA
:108FE4001D00A227F8FFBD270400A3A71F3B400FC5
:108FF4000000A2AF0800BD272501400F010019346D
:109004000300401000000070FF23400B00000070BC
:109014000BA9229026004014000000700CA9239094
:1090240001000234110062140000007020001E349C
:109034002200BEA347001E342300BEA331001E3409
:109044002400BEA337001E342500BEA30AF000008E
:109054002600BEA32200A227FCFFBD271F3B400F12
:109064000000A2AF2B24400B0400BD2720001E34B7
:109074002700BEA347001E342800BEA331001E34BF
:109084002900BEA338001E342A00BEA30AF0000043
:109094002B00BEA32700A227FCFFBD271F3B400FC8
:1090A4000000A2AF0400BD273C24400B0000007068
:1090B40020001E342C00BEA347001E342D00BEA386
:1090C40031001E342E00BEA339001E342F00BEA36F
:1090D4000AF000003000BEA32C00A227FCFFBD272D
:1090E4001F3B400F0000A2AF0400BD272501400F25
:1090F4000100193403004010000000703C24400BB0
:109104000000007003A922901100401000000070BC
:1091140020001E343100BEA347001E343200BEA31B
:1091240032001E343300BEA330001E343400BEA30C
:109134000AF000003500BEA33100A227FCFFBD27C2
:109144001F3B400F0000A2AF6424400B0400BD2766
:1091540020001E343600BEA347001E343700BEA3D1
:1091640032001E343800BEA331001E343900BEA3C1
:109174000AF000003A00BEA33600A227FCFFBD2778
:109184001F3B400F0000A2AF0400BD272501400F84
:109194000100193403004010000000706424400BE7
:1091A4000000007005A9229011004010000000701A
:1091B40020001E343B00BEA347001E343C00BEA367
:1091C40039001E343D00BEA330001E343E00BEA351
:1091D4000AF000003F00BEA33B00A227FCFFBD270E
:1091E4001F3B400F0000A2AF8C24400B0400BD279E
:1091F40020001E344000BEA347001E344100BEA31D
:1092040039001E344200BEA331001E344300BEA305
:109214000AF000004400BEA34000A227FCFFBD27C3
:109224001F3B400F0000A2AF0400BD272501400FE3
:109234000100193403004010000000708C24400B1E
:109244000000007002A9229011004010000000707C
:1092540020001E344500BEA347001E344600BEA3B2
:1092640039001E344700BEA333001E344800BEA399
:109274000AF000004900BEA34500A227FCFFBD2759
:109284001F3B400F0000A2AFB424400B0400BD27D5
:1092940020001E344A00BEA347001E344B00BEA368
:1092A40039001E344C00BEA334001E344D00BEA34E
:1092B4000AF000004E00BEA34A00A227FCFFBD270F
:1092C4001F3B400F0000A2AF0400BD272501400F43
:1092D400010019340300401000000070B424400B56
:1092E40000000070E624400B0000007020001E34D3
:1092F4004F00BEA34D001E345000BEA330001E34E8
:109304005100BEA30AF000005200BEA34F00A227E2
:10931400FCFFBD271F3B400F0000A2AFF124400B10
:109324000400BD2720001E345300BEA34D001E348C
:109334005400BEA331001E345500BEA30AF0000041
:109344005600BEA35300A227FCFFBD271F3B400FBE
:109354000000A2AFF124400B0400BD2720001E34FE
:109364005700BEA34D001E345800BEA332001E3465
:109374005900BEA30AF000005A00BEA35700A2275A
:10938400FCFFBD271F3B400F0000A2AFF124400BA0
:109394000400BD2709A92290D4FF401000000070EA
:1093A40009A9239001000234DEFF6210000000705E
:1093B40009A9239002000234E8FF62100000007043
:1093C4002501400F01001934030040100000007013
:1093D400F124400B000000702325400B00000070B6
:1093E40020001E345B00BEA34D001E345C00BEA3EF
:1093F40033001E345D00BEA30AF000005E00BEA36D
:109404005B00A227FCFFBD271F3B400F0000A2AF5B
:109414002F25400B0400BD2720001E345F00BEA38F
:109424004D001E346000BEA334001E346100BEA390
:109434000AF000006200BEA35F00A227FCFFBD2764
:109444001F3B400F0000A2AF2F25400B0400BD2797
:1094540020001E346300BEA34D001E346400BEA36E
:1094640035001E346500BEA30AF000006600BEA3EA
:109474006300A227FCFFBD271F3B400F0000A2AFE3
:109484002F25400B0400BD2706A9239001000234B8
:10949400D3FF62100000007006A92390FFFF023C76
:1094A400FFFF4234DCFF62100000007006A9229026
:1094B400E7FF4010000000702501400F010019343F
:1094C40003004010000000702F25400B00000070C6
:1094D4002501400F01001934030040100000007002
:1094E4003525400B0000007003A9229014004010A1
:1094F4000000007018A921C4213D023C8B42423473
:1095040000008244020800466700B7270A00F626D6
:10951400019D183C2145400FD54618376700A32705
:10952400F4FFBD270800A0E70AA922900400A2A323
:109534001F3B400F0000A3AF5F25400B0C00BD276D
:109544007100B7270D00F626019D183C2145400FF8
:10955400DF4618377100A32718A9228CF4FFBD2712
:109564000800A2AF0AA922900400A2A31F3B400F47
:109574000000A3AF0C00BD270400B98F0000BF8F0B
:089584000800E0038000BD2790
:108DB400201E197C010002340418620000A01E3C2D
:108DC4000426C2872510430000A01E3C0426C2A727
:088DD4000800E003000000703C
:108DDC00201E197C010002340418620000A01E3C05
:108DEC000226C2872510430000A01E3C0226C2A703
:088DFC000800E0030000007014
:109D9000ECFFBD270000BFAF0400B9AF0800BAAFA9
:109DA0007227400B0C00BBAF1BBD023C00C6423407
:109DB0007927400B1000A2AF1BBD023C40C64234C5
:109DC0007927400B1000A2AF2016197CF6FF401037
:109DD00000000070201E197C01000234F6FF6210A2
:109DE0000000007040001B340AC840039501400F7A
:109DF0001000BA8F0A1000000C00BB8F0800BA8F49
:109E00000400B98F0000BF8F0800E0031400BD27D5
:10A05800ECFFBD270000BFAF0400BAAF0800B9A7E6
:10A068002501400F010019340800B987030040108A
:10A078000400BA8F1828400B000000700A00B727A8
:10A088000A00F626019D183C2145400F9B4B1837C6
:10A098000A00A2270400BAAF0800B9A7F4FFBD2739
:10A0A8000800BAAF0400B9A71F3B400F0000A2AFD9
:10A0B8000C00BD270800B9870400BA8F0000BF8FC5
:08A0C8000800E0031400BD27AD
:10A0D000F8FFBD270000BFAF00002293FF0045300E
:10A0E000201E057C20000234070062100000007072
:10A0F000201E057C0900023403006210000000707D
:10A100004528400B00000070010022273628400B34
:10A110000AC840000A2000000A300000201E057C0A
:10A120002D00023407006214000000700100C224F8
:10A13000FFFF4330010022270AC840005828400B87
:10A14000FFFF6230201E057C2B00023403006214E6
:10A1500000000070010022270AC84000FFFFC23043
:10A160002036047CFFFF443000002293FF0045307E
:10A170000400B9AF4902400F20CE057C0900401011
:10A180000400B98F0A0002340218C270D0FFA22462
:10A19000211062002036027C010022275A28400B41
:10A1A0000AC8400004008010000000700A1000007F
:10A1B0006F28400B231046002016067C0000BF8F3E
:08A1C0000800E0030800BD27C0
:109ED800E8FFBD270000BFAF0400B9AF0800BBAF63
:109EE8000C00B9A77E3F400F0AC840030C00B98791
:109EF8002026027C1BBD023C00C04234C927400B0F
:109F08000C8822AC80010234D027400B1400A2AF89
:109F180090010234D027400B1400A2AF2016197C00
:109F2800F8FF401000000070201E197C0100023468
:109F3800F7FF621000000070032A400F0000007055
:109F48000F004014000000700C00A4A7C819400FAF
:109F58000C88398C0C00A4872303400F20CE027C88
:109F68000C00A4A71000BAAF00A0193C3719400F85
:109F78000C0839371000BA8F0C00A487068822A471
:109F88000688229403004010000000701128400B3E
:109F9800068822941400A28F188822AC1400A28F7D
:109FA800100043241888228C2B1043000B0040100B
:109FB800000000701888228C8018020000A0023C63
:109FC8000000423421104300000040AC1888228C65
:109FD80001004224E927400B188822AC1400A28F04
:109FE8008018020000A0023C000042342110430007
:109FF8000C00B9A720DE047C9501400F0AC8400078
:10A008000C00B9870C00BAAF1000B9A700A01A3C21
:10A0180000005A3700A0193CB119400F0C08393715
:10A028001000B9870C00BA8F0C00B9A72303400FA2
:10A0380020CE027C0C00B987068822940800BB8FCA
:10A048000400B98F0000BF8F0800E0031800BD2787
:109E1000F8FFBD270000BFAF0400BAAFBE0D400F72
:109E20000AD000000400BA8F0000BF8F0800E003D2
:049E30000800BD2742
:1036F800F4FFBD27020040130000BFAF000059AF20
:1037080000002293FF0044300400B9AFFB02400FD1
:1037180020CE047C040040100400B98F0100222749
:10372800C20D400B0AC840000A280000201E047C75
:103738002D000234060062140000007001000334FA
:10374800010022270AC84000DC0D400BFFFF65304E
:10375800201E047C2B000234030062140000007059
:10376800010022270AC840000A3000000800A0AF64
:103778000A2000001000A2300C0040140000007065
:1037880000002293FF0043302E0002340700621429
:10379800000000701000A234FFFF43300100222710
:1037A8000AC84000200E400BFFFF65300400B9AF87
:1037B8004902400F00003993030040140400B98FF8
:1037C800220E400B000000700200A234FFFF4530BB
:1037D800201E067C080002341B00621000000070E6
:1037E8001000A2300400401000000070FFFF822487
:1037F800000E400B2026027C0100C2242036027CE9
:103808000800A38F0A000234021062700800A2AFF9
:10381800000000700000007000002293FF0042309A
:10382800D0FF4224201E027C0800A28F21104300F2
:103838000800A2AF0000007000000070201E047C89
:103848001C0E400B2026067C1000A23004004014F9
:1038580000000070010082241B0E400B201E027C19
:10386800201E047C2026067C010022270AC840006E
:103878002036047C2026037CDF0D400B00000070FE
:103888000A30000000002293FF0043306500023434
:10389800080062100000007000002293FF0043300F
:1038A800450002340300621000000070820E400BD5
:1038B800FFFFA330010022270AC840000000429001
:1038C800FF0043302D00023407006214000000702E
:1038D8000800A234FFFF4330010022270AC8400035
:1038E800430E400BFFFF653000002293FF0043307A
:1038F8002B0002340300621400000070010022272C
:103908000AC8400000002293FF0043303000023410
:10391800040062140000007001002227430E400BCF
:103928000AC840000400B9AF4902400F00003993AB
:10393800280040100400B98F00002293D0FF4224D1
:10394800FF004630010022270AC840000400B9AF32
:103958004902400F000059901B0040100400B98F25
:103968000A0002340218C27000002293D0FF4224D9
:10397800FF004230211062002036027C010022271D
:103988000AC840000400B9AF4902400F000059902E
:103998000A0040100400B98F0A0002340218C270ED
:1039A80000002293D0FF4224FF0042302110620021
:1039B800201E027C720E400B2016037C2016067C0B
:1039C800750E400B201E027C201E067C780E400BD4
:1039D80000000070201E067C0800A230060040107F
:1039E800000000700A10000023104300201E027C13
:1039F800810E400B2036037C2036037CFFFFA3306A
:103A080021108600050040132026027C0200623047
:103A18000200401000000070000059AF0800A0C765
:103A2800200080460800A0E70800A1C70A1000008F
:103A3800000082443208004603000145000000707F
:103A4800970E400B000000700A100000090F400B91
:103A5800000082442016047C0000422833004010F5
:103A6800000000700A100000231044002026027C89
:103A78002016047C0A0042280A0040140000007046
:103A88000800A1C7DB2E023CFFE642340000824456
:103A9800020800460800A0E7F6FF82249E0E400BAD
:103AA8002026027C2016047C0A00401000000070CA
:103AB8000800A1C7CC3D023CCDCC42340000824472
:103AC800020800460800A0E7FFFF8224AB0E400B67
:103AD8002026027C0800A1C78000023C0100423475
:103AE800000082443E0001460300004500000070CB
:103AF800CB0E400B00000070010062300500401042
:103B0800000000708080023C01004234090F400B25
:103B1800000082448000023C01004234090F400B3F
:103B280000008244000F400B000000702016047C47
:103B3800010042283000401400000070FF0082306D
:103B48000A00422C0A004014000000700800A1C7B7
:103B58001550023CF9024234000082440208004633
:103B68000800A0E7F6FF8224D10E400B2026027C35
:103B78002016047C0A004010000000700800A1C74D
:103B88002041023C00004234000082440208004602
:103B98000800A0E7FFFF8224DE0E400B2026027CEF
:103BA8000800A1C77F7F023CFFFF42340000824427
:103BB8003E0800460300004500000070FE0E400B62
:103BC8000000007001006230050040100000007025
:103BD8007FFF023CFFFF4234090F400B0000824484
:103BE8007F7F023CFFFF4234090F400B00008244F4
:103BF800000F400B0000007001006230060040100A
:103C0800000000700800A1C70A10000000008244EC
:103C1800090F400B010001460800A0C70000BF8F34
:083C28000800E0030C00BD27B9
:100BEC00FCFFBD27FF002333200002340D006210F0
:100BFC0000000070FF0022330E00422C0700401052
:100C0C0000000070FF0022330900422C0300401446
:100C1C00000000700C03400B000000700D03400B33
:100C2C000A10000001000234FF0042300800E0030B
:040C3C000400BD27CC
:107E1C00B0FFBD270000BFAF0400BAAF1BBD023CD2
:107E2C0000C04234032A400F0C8822AC07004014D7
:107E3C00000000700800B9A7C819400F0C88398CD5
:107E4C002303400F20CE027C0800B9870800B9A795
:107E5C000C00ACE700A0193C3719400F0C0839375F
:107E6C000C00ACC70800B987068822A406882294A7
:107E7C0003004010000000704F21400B060002343C
:107E8C000800B9A70C00ACE72501400F010019341C
:107E9C000C00ACC7030040100800B987A31F400BAF
:107EAC00000000701000B7271900F626019D183C41
:107EBC002145400F324718371000A2270800B9A7F8
:107ECC000C00ACE7F4FFBD270800ACE70400B9A731
:107EDC001F3B400F0000A2AF0C00BD270C00ACC72D
:107EEC00ED20400B0800B9870A1000000000824406
:107EFC003C000C460300004500000070C61F400B00
:107F0C00000000704F21400B080002342016197C31
:107F1C008018020000A0023C0028423421104300CB
:107F2C0000004CE4400022272016027C801802003E
:107F3C0000A0023C00004234211043004C00A2AFD0
:107F4C00C118400F0800B9A70800B9874C00A38FCF
:107F5C004E21400B000062AC4040023C0000423419
:107F6C00000082443E000C460300004500000070F7
:107F7C00E31F400B000000704F21400B090002343E
:107F8C00470D400F0800B9A70800B9873CA822A4E8
:107F9C002016027C00A01E3C4E21400B1801C2AFE3
:107FAC0010A82CE4C118400F0800B9A70800B98725
:107FBC0000A01E3C4E21400B1C01C2AF14A82CE4A7
:107FCC00C118400F0800B9A70800B98700A01E3CD3
:107FDC004E21400B2001C2AF6413400F0000007013
:107FEC0024000046000002446413400F42A822A45F
:107FFC000800B9A7C118400F060300460800B9874E
:10800C0000A01E3C4E21400B6001C2AF470D400F3B
:10801C000800B9A70800B98738A822A42016027C4A
:10802C0000A01E3C4E21400B4C01C2AF6145023CEE
:10803C0000004234000082440260004628A820E47C
:10804C00C118400F0800B9A70800B98700A01E3C52
:10805C004E21400B3401C2AF8601400F000000706E
:10806C008601400F2CA820E40800B9A7C118400FC6
:10807C00060300460800B98700A01E3C4E21400BA9
:10808C003801C2AF470D400F0800B9A70800B987E7
:10809C00201E027C000083442000804624A820E49B
:1080AC002016027C00A01E3C4E21400B3001C2AFBA
:1080BC00470D400F0800B9A70800B98730A822A4C3
:1080CC002016027C00A01E3C4E21400B3C01C2AF8E
:1080DC00470D400F0800B9A70800B9873EA822A495
:1080EC002016027C00A01E3C4E21400B5801C2AF52
:1080FC00470D400F0800B9A7050040100800B987CC
:10810C0032A82294010042344B20400B32A822A406
:10811C0032A82394FEFF02342410620032A822A459
:10812C0032A8229400A01E3C4E21400B4001C2AF4D
:10813C00470D400F0800B9A7050040100800B9878B
:10814C0032A82294020042345B20400B32A822A4B5
:10815C0032A82394FDFF02342410620032A822A41A
:10816C0032A8229400A01E3C4E21400B4001C2AF0D
:10817C00470D400F0800B9A7050040100800B9874B
:10818C0032A82294040042346B20400B32A822A463
:10819C0032A82394FBFF02342410620032A822A4DC
:1081AC0032A8239400A01E3C4001C28F251043002E
:1081BC0000A01E3C4E21400B4001C2AF470D400FAA
:1081CC000800B9A7050040100800B98732A822940E
:1081DC00080042347E20400B32A822A432A82394FB
:1081EC00F7FF02342410620032A822A432A8229491
:1081FC0000A01E3C4E21400B4001C2AF470D400F6A
:10820C000800B9A7050040100800B98732A82294CD
:10821C00100042348E20400B32A822A432A82394A2
:10822C00EFFF02342410620032A822A432A8229458
:10823C0000A01E3C4E21400B4001C2AF470D400F29
:10824C000800B9A70800B98740A822A42016027C10
:10825C0000A01E3C4E21400B5C01C2AF18A82CE4C0
:10826C00C118400F0800B9A70800B98700A01E3C30
:10827C004E21400B2401C2AF1CA82CE4C118400FA6
:10828C000800B9A70800B98700A01E3C4E21400B7E
:10829C002801C2AF470D400F0800B9A70800B987E5
:1082AC0036A822A42016027C00A01E3C4E21400BB6
:1082BC004801C2AF470D400F0800B9A70800B987A5
:1082CC00201E027C000083442000804620A820E46D
:1082DC002016027C00A01E3C4E21400B2C01C2AF8C
:1082EC00470D400F0800B9A70800B987201E027C73
:1082FC00010002342800621400000070FF7F023C71
:10830C00FFFF423400A01E3CF005C2AF0800B9A725
:10831C0000A01A3C00005A3700A0193CB119400FBC
:10832C000C0839372303400F20CE027C0800B98794
:10833C000800B9A72501400F0100193403004010B3
:10834C000800B987CF20400B00000070032A400FB3
:10835C00000000702900B7272100F626019D183C6B
:10836C002145400F4B4718372900A42732A82394E6
:10837C000800B9A7F0FFBD270C00A3A7068823941B
:10838C000800A3A70400A2A71F3B400F0000A4AF46
:10839C001000BD270800B9874E21400B000000706B
:1083AC004F21400B060002342016197CCEFE4010E3
:1083BC0000000070201E197C01000234CAFE6210FD
:1083CC0000000070201E197C02000234C6FE6210F0
:1083DC0000000070201E197C03000234DEFE6210C7
:1083EC0000000070201E197C04000234ECFE6210A8
:1083FC0000000070201E197C05000234EFFE621094
:10840C0000000070201E197C06000234F2FE62107F
:10841C0000000070201E197C07000234FBFE621065
:10842C0000000070201E197C08000234FFFE621050
:10843C0000000070201E197C0900023406FF621037
:10844C0000000070201E197C0A0002340DFF62101F
:10845C0000000070201E197C0B00023414FF621007
:10846C0000000070201E197C0C00023418FF6210F2
:10847C0000000070201E197C0D0002341CFF6210DD
:10848C0000000070201E197C0E00023428FF6210C0
:10849C0000000070201E197C0F00023434FF6210A3
:1084AC0000000070201E197C1000023443FF621083
:1084BC0000000070201E197C110002344FFF621066
:1084CC0000000070201E197C120002345BFF621049
:1084DC0000000070201E197C130002345FFF621034
:1084EC0000000070201E197C1400023462FF621020
:1084FC0000000070201E197C1500023465FF62100C
:10850C0000000070201E197C1600023469FF6210F6
:10851C0000000070201E197C6300023470FF621092
:10852C0000000070EB20400B000000700A100000EF
:10853C000400BA8F0000BF8F0800E0035000BD2775
:10351C00F4FFBD270000BFAFA412400F00000070E5
:10352C006413400F0800A0E7860000464160004687
:10353C00003F023C00004234000082443E0800463A
:10354C0003000045000000705A0D400B0000007095
:10355C000800A0C75B0D400B0400A0E70400A2E725
:10356C000400A0C724000046000002440000BF8FE6
:08357C000800E0030C00BD276C
:10BB5C0098FFBD270000BFAF0400B9AF0800BAAF13
:10BB6C000C00BBAF1000BCAF0AF000005800BEAF19
:10BB7C000AF000005C00BEA720001B340AD0200392
:10BB8C0000A0193C021F400F1C0839372800A2A73F
:10BB9C002600A0A72800A3872600A2872A1043000E
:10BBAC0092014010000000702600A287801902004C
:10BBBC0000A0023C1C084234211043001400B9AF11
:10BBCC007E3F400F0AC840001400B98F2600A3879F
:10BBDC008021030000A0033C1C0863342120640076
:10BBEC001C00A3271400BAA71800B9AF20E6027CEA
:10BBFC0001001B340AD08000DB1E400F0AC8600015
:10BC0C001800B98F1400BA87202E027C2600A28758
:10BC1C008019020000A0023C1C0842342110430091
:10BC2C00F72F400B6400A2AF2016057C03004228BE
:10BC3C001B004010000000701C00A2271400B9AFBC
:10BC4C003428400F0AC840001400B98F5C00A2A72A
:10BC5C00201E027C1C0002340B00621000000070DD
:10BC6C005C00A3871E000234070062100000007005
:10BC7C005C00A3875C0002340300621000000070BB
:10BC8C00292F400B000000705C00A3870A000234CF
:10BC9C00021062705C00A2A7372F400B00000070EE
:10BCAC001C00A2271400B9AF8427400F0AC840001B
:10BCBC001400B98F2041023C000042340008824439
:10BCCC000200014624000046000002445C00A2A7CA
:10BCDC001400BAA71800B9AFF31E400F5C00B98767
:10BCEC001800B98F1400BA872A00A0A71400BAA7AD
:10BCFC001800B9AF2501400F010019341800B98F95
:10BD0C00030040101400BA873E2F400B0000007057
:10BD1C002600A2878019020000A0023C1C084234B5
:10BD2C00212043002C00B7270D00F626019D183C5E
:10BD3C002145400F3C4818372C00A3275C00A287F4
:10BD4C001400BAA71800B9AFF0FFBD270C00A2A7CA
:10BD5C000800A4AF3600A2870400A2A71F3B400F27
:10BD6C000000A3AF1000BD271800B98F7A30400B2C
:10BD7C001400BA872A00A0A71C00A2271400B9AF90
:10BD8C008427400F0AC840001400B98F5800A0E760
:10BD9C005800A4272600A2878019020000A0023CAC
:10BDAC001C084234211043001400BAA71800B9AF84
:10BDBC000AD080008F21400F0AC840001800B98FAC
:10BDCC001400BA872A00A2A72600A28780190200B5
:10BDDC0000A0023C1C084234211043000000429099
:10BDEC00FF004330460002340D006210000000706A
:10BDFC002600A2878019020000A0023C1C084234D5
:10BE0C002110430000004290FF00433066000234D2
:10BE1C0003006210000000708D2F400B00000070BA
:10BE2C008F2F400B2A00A0A7140002342A00A2A7CF
:10BE3C001400BAA71800B9AF2501400F010019343E
:10BE4C001800B98F030040101400BA878F2F400BD5
:10BE5C00000000702600A2878019020000A0023C9E
:10BE6C001C084234212043003900B7271200F62663
:10BE7C00019D183C2145400F494818373900A3272C
:10BE8C002A00A2871400BAA71800B9AFECFFBD278F
:10BE9C001000A2A76C00A28F0C00A2AF0800A4AFE8
:10BEAC003A00A2870400A2A71F3B400F0000A3AFDB
:10BEBC001400BD271800B98F7A30400B1400BA87D4
:10BECC001C00A2271400B9AF3428400F0AC8400048
:10BEDC001400B98F5C00A2A75C00A4272600A287DF
:10BEEC008019020000A0023C1C08423421104300BF
:10BEFC001400BAA71800B9AF0AD080008F21400FE8
:10BF0C000AC840001800B98F1400BA877A30400B69
:10BF1C002A00A2A71C00A2271400B9AF3428400F96
:10BF2C000AC840001400B98F5C00A2A71400BAA77D
:10BF3C001800B9AF7D21400F20CE027C1800B98FBC
:10BF4C001400BA871400BAA71800B9AF2501400F26
:10BF5C00010019341800B98F030040101400BA877F
:10BF6C00D42F400B000000702600A287801902001D
:10BF7C0000A0023C1C084234212043004B00B72790
:10BF8C000D00F626019D183C2145400F5B481837E3
:10BF9C004B00A3275C00A2871400BAA71800B9AF06
:10BFAC00F0FFBD270C00A2A70800A4AF3600A287A3
:10BFBC000400A2A71F3B400F0000A3AF1000BD2739
:10BFCC001800B98F1400BA877A30400B2A00A0A74A
:10BFDC006400A48F00008290FF00433047000234BD
:10BFEC0011FF62100000007000008290FF004330CF
:10BFFC00670002340CFF6210000000700000829099
:10C00C00FF004330580002345AFF621000000070E9
:10C01C0000008290FF0043307800023455FF62101C
:10C02C000000007000008290FF0043305900023481
:10C03C0050FF62100000007000008290FF0043303F
:10C04C00790002344BFF62100000007000008290F7
:10C05C00FF0043305A00023446FF621000000070AB
:10C06C0000008290FF0043307A00023441FF6210DE
:10C07C000000007000008290FF0043304100023449
:10C08C003CFF62100000007000008290FF00433003
:10C09C006100023437FF62100000007000008290D3
:10C0AC00FF0043304900023432FF62100000007080
:10C0BC0000008290FF004330690002342DFF6210B3
:10C0CC000000007000008290FF0043304A000234F0
:10C0DC0028FF62100000007000008290FF004330C7
:10C0EC006A00023423FF621000000070000082908E
:10C0FC00FF0043304B0002341EFF62100000007042
:10C10C0000008290FF0043306B00023419FF621074
:10C11C000000007000008290FF00433046000234A3
:10C12C0014FF62100000007000008290FF0043308A
:10C13C00660002340FFF6210000000700000829055
:10C14C00FF004330500002345DFF621000000070AD
:10C15C0000008290FF0043307000023458FF6210E0
:10C16C000000007000008290FF0043304C0002344D
:10C17C0053FF62100000007000008290FF004330FB
:10C18C006C0002344EFF62100000007000008290C0
:10C19C00FF0043305300023449FF6210000000706E
:10C1AC0000008290FF0043307300023444FF6210A1
:10C1BC000000007000008290FF0043304D000234FC
:10C1CC0054FF62100000007000008290FF004330AA
:10C1DC006D0002344FFF6210000000702600A28731
:10C1EC0001004224E82E400B2600A2A72A00A287B9
:10C1FC001000BC8F0C00BB8F0800BA8F0400B98FE5
:0CC20C000000BF8F0800E0036800BD27A1
:107C0800F8FFBD270000BFAF610D400F0400BBA304
:107C18000400BB930400B9AF7E3F400F0AC840037D
:107C28000400B98F2026027C0A4000000A380000B0
:107C38000A4800000A3000000A280000201E057CBF
:107C48002016047C2A1062006900401000000070B1
:107C58002310A8002056027C2016057C2110420320
:107C680000004290FF004330FF0062330E006210B4
:107C7800000000702016057C21104203000042908D
:107C8800FF0043300A000234070062100000007051
:107C980020160A7C320042280300401000000070C1
:107CA8003B1F400B000000702016077C801102006B
:107CB800211822032016097C21106200000040A030
:107CC8000100E224201E027C0A3800002046057CC0
:107CD8000100C2242036027C204E077C7B1F400B0B
:107CE800203E037C2016057C010042282700401412
:107CF8000000007000004293FF004330240002346B
:107D080024006210000000701300C014000000700E
:107D18002016057C2110420300004290FF004230EB
:107D28003A00422C12004014000000702016077C14
:107D380080110200211822032016097C21106200FC
:107D4800000040A00100E224203E027C0A18000046
:107D58005A1F400B2016057C2016087C201E097C23
:107D68000400A7A7203E027C611F400B0400A287E5
:107D78002016077C203E087C201E097C2046077CB4
:107D8800203E027C651F400B204E037C671F400B82
:107D9800000000702016077C8011020021182203C1
:107DA8002016097C211862002016057C2110420348
:107DB80000004290000062A001002225201E027CE3
:107DC8002016057C2110420300004290FF0042303B
:107DD80003004014000000707F1F400B201E077C2A
:107DE800204E037C0100A224111F400B202E027C90
:107DF800201E077C2016037C80110200211022031C
:107E0800000040A02016037C0000BF8F0800E0039C
:047E18000800BD277A
:10358400F0FFBD270000BFAF0400BAAF0800BBAF17
:103594000A2800002016057C150042280D00401062
:1035A400000000702016057C801102002110220307
:1035B4000C00B9AF40001B340AD00000BE40400FDD
:1035C4000AC840000C00B98F0100A224660D400B0C
:1035D400202E027C0800BB8F0400BA8F0000BF8F2E
:0835E4000800E0031000BD2700
:107B6C0020161B7C211042030A20400020161C7C8E
:107B7C0021108200000040A00A1800000000829032
:107B8C00FF0042300A00401000000070000082909C
:107B9C00000022A3010022270AC840000100822411
:107BAC000A20400001006224E21E400B201E027CD1
:107BBC00000020A32016037C0800E00300000070E6
:107BCC00F8FFBD270000BFAF0C0F400F0000007086
:107BDC0000A01E3C1426C2A70510400F0400B9A734
:107BEC000400B98700A01E3C1226C2A72016197CDF
:0C7BFC000000BF8F0800E0030800BD2758
:103C3000230F400BFCFFBD2701000234920F400B05
:103C40000000A2A702000234920F400B0000A2A7BE
:103C500003000234920F400B0000A2A704000234BC
:103C6000920F400B0000A2A706000234920F400BF7
:103C70000000A2A707000234920F400B0000A2A789
:103C800009000234920F400B0000A2A7201E197CED
:103C900004000234E8FF621000000070201E197C4E
:103CA0000A000234E4FF621000000070201E197C3C
:103CB00018010234E0FF621000000070201E197C21
:103CC00019010234DCFF621000000070201E197C14
:103CD0002C010234D8FF621000000070201E197CF5
:103CE0002D010234D4FF621000000070201E197CE8
:103CF00035000234D0FF621000000070201E197CD5
:103D000098030234CCFF6210000000702016197C6A
:103D1000CCFF401000000070201E197C010002340E
:103D2000C8FF621000000070201E197C02000234DF
:103D3000C4FF621000000070201E197C03000234D2
:103D4000C0FF621000000070201E197C5000023479
:103D5000BCFF621000000070201E197C11000234AC
:103D6000BBFF621000000070201E197C120002349C
:103D7000B7FF621000000070201E197C130002348F
:103D8000B3FF621000000070201E197C5A0002343C
:103D9000B2FF621000000070201E197C5B0002342C
:103DA000AEFF621000000070201E197C5D0002341E
:103DB000ADFF621000000070201E197C5E0002340E
:103DC000A9FF621000000070201E197C140002344C
:103DD000A8FF621000000070201E197C150002343C
:103DE000A4FF621000000070201E197C360002340F
:103DF000A3FF621000000070201E197C37000234FF
:103E00009FFF621000000070201E197C38000234F1
:103E10009BFF621000000070201E197C39000234E4
:103E200097FF621000000070201E197C3A000234D7
:103E300093FF621000000070201E197C3B000234CA
:103E40008FFF6210000000700000A2870800E003EE
:043E50000400BD2786
:10401400E0FFBD270000BFAF0400B9AF0800B9A797
:104024002338400F0AC800008310400B0800B987EA
:104034000A00A0A7349022904408027CF810400B98
:10404400349022A0010002340A00A2A734902290E6
:104054004408027CF810400B349022A00200023481
:104064000A00A2A780A920A434902290020042341E
:10407400F810400B349022A0030002340A00A2A7D7
:104084000100023480A922A4349022900200423418
:10409400F810400B349022A00100023400A01E3C12
:1040A400F810400B1026C2A70200023400A01E3CE8
:1040B400F810400B1026C2A74602400F0AC80000A1
:1040C40006000234F810400B0A00A2A74602400F73
:1040D4000100193406000234F810400B0A00A2A7AC
:1040E4004602400F0200193406000234F810400B57
:1040F4000A00A2A70100023403A922A00600023488
:10410400F810400B0A00A2A703A920A0060002345D
:10411400F810400B0A00A2A70100023404A922A04F
:1041240006000234F810400B0A00A2A7CBFF222796
:104134000EA922A406000234F810400B0A00A2A71C
:104144000400023400A01E3CF810400B1226C2A743
:104154000100023405A922A006000234F810400B25
:104164000A00A2A705A920A006000234F810400BFB
:104174000A00A2A70100023402A922A00600023408
:10418400F810400B0A00A2A702A920A006000234DE
:10419400F810400B0A00A2A70300023400A01E3C42
:1041A400F810400B1026C2A70400023400A01E3CE5
:1041B400F810400B1026C2A70500023400A01E3CD4
:1041C400F810400B1026C2A70600023400A01E3CC3
:1041D400F810400B1026C2A70700023400A01E3CB2
:1041E400F810400B1026C2A70800023400A01E3CA1
:1041F400F810400B1026C2A72338400F03001934CF
:104204004111400B000000702016197C88FF4010FB
:1042140000000070201E197C0100023489FF621026
:1042240000000070201E197C020002348BFF621013
:1042340000000070201E197C030002348EFF6210FF
:1042440000000070201E197C0400023492FF6210EA
:1042540000000070201E197C0A00023492FF6210D4
:1042640000000070201E197C1100023492FF6210BD
:1042740000000070201E197C1200023493FF6210AB
:1042840000000070201E197C1300023494FF621099
:1042940000000070201E197C1400023495FF621087
:1042A40000000070201E197C1500023496FF621075
:1042B40000000070201E197C3500023496FF621045
:1042C40000000070201E197C3600023497FF621033
:1042D40000000070201E197C3700023493FF621026
:1042E40000000070201E197C380002348FFF621019
:1042F40000000070201E197C390002348BFF62100C
:1043040000000070201E197C3A00023487FF6210FE
:1043140000000070201E197C3B00023483FF6210F1
:1043240000000070201E197C5000023484FF6210CB
:1043340000000070201E197C5A00023484FF6210B1
:1043440000000070201E197C5B00023485FF62109F
:1043540000000070201E197C5D00023485FF62108D
:1043640000000070201E197C5E00023486FF62107B
:1043740000000070201E197C1801023486FF6210B0
:1043840000000070201E197C1901023486FF62109F
:1043940000000070201E197C2C01023486FF62107C
:1043A40000000070201E197C2D01023486FF62106B
:1043B40000000070201E197C9803023486FF6210EE
:1043C40000000070201E197C9903023486FF6210DD
:1043D400000000707F10400B0000007000A01E3C25
:1043E4000426C287040042302016027C07004014D1
:1043F4000000007000A01E3C0226C2870300401487
:10440400000000702911400B0000007002A92290E6
:104414001000401000000070208D21C40A1000001C
:10442400000082443E000146030000450000007085
:104434001611400B0000007000A01E3C1226C3871A
:104444000400023403006210000000702338400F9F
:104454000600193404A922901100401000000070D5
:1044640000A01E3C1226C287080040100000007005
:1044740000A01E3C1226C387010002340300621010
:10448400000000702511400B0A10000001000234E6
:1044940003004014000000702338400F0600193454
:1044A4000800B9A72501400F01001934030040108A
:1044B4000800B9872911400B0000007000A01E3CC1
:1044C4000226C287FF0043300C00B7271100F626EE
:1044D400019D183C2145400F104B18370C00A227B2
:1044E4000800B9A7F8FFBD270400A3A71F3B400F8E
:1044F4000000A2AF0800BD270800B9870A00A28700
:104504000400B98F0000BF8F0800E0032000BD271E
:0C091800269039A00800E00300000070E9
:10863C00D8FFBD270000BFAF0400B9AF0800B9AF29
:10864C002338400F0AC800000800B98F0A10200315
:10865C001822400B2400A2AF4511400F00004CC75C
:10866C0050A920E400A01E3C0226C287010042341F
:10867C0000A01E3C6122400B0226C2A74511400FF0
:10868C0000004CC754A920E400A01E3C0226C2875F
:10869C000200423400A01E3C6122400B0226C2A7FD
:1086AC004511400F00004CC758A920E400A01E3C07
:1086BC000226C2870400423400A01E3C6122400BFB
:1086CC000226C2A74511400F00004CC75CA920E44C
:1086DC0000A01E3C0226C2870800423400A01E3CAB
:1086EC006122400B0226C2A74511400F00004CC767
:1086FC0060A920E400A01E3C0226C2871000423470
:10870C0000A01E3C6122400B0226C2A74511400F5F
:10871C0000004CC76122400B6CA920E400A92290F8
:10872C000400027C00A922A00A1000006CA922AC53
:10873C00000040C770A920E44511400F0603004615
:10874C006122400B60A920E4000040C774A920E41A
:10875C004511400F060300466122400B64A920E43A
:10876C00000040C778A920E44511400F06030046DD
:10877C006122400B68A920E4000041C7860800462E
:10878C000A100000000082443E0001460300004530
:10879C0000000070EE21400B000000702338400FE9
:1087AC000D0019346122400B000000704511400F80
:1087BC00061300466122400B18A920E400004287F2
:1087CC00201E027C2016027C000042280300401070
:1087DC00000000702338400F0D0019347CA923A42D
:1087EC00FFFF02346122400B7EA922A400004287C5
:1087FC00201E027C2016027C000042280300401040
:10880C00000000702338400F0D0019347EA923A4FA
:10881C00FFFF02346122400B7CA922A40000428796
:10882C00201E027C2016027C00004228030040100F
:10883C00000000702338400F0D0019346122400BEA
:10884C0010A923A42338400F030019346122400BD4
:10885C00000000702400A48F00008290FF004330C1
:10886C00580002347CFF62100000007000008290FF
:10887C00FF0043307800023477FF62100000007074
:10888C0000008290FF004330590002347BFF6210DD
:10889C000000007000008290FF0043305A00023448
:1088AC007FFF62100000007000008290FF004330D8
:1088BC004100023483FF62100000007000008290BF
:1088CC00FF0043304500023487FF62100000007047
:1088DC0000008290FF004330520002348BFF621084
:1088EC000000007000008290FF0043304900023409
:1088FC008AFF62100000007000008290FF0043307D
:10890C004A00023490FF6210000000700000829058
:10891C00FF0043304B00023491FF621000000070E6
:10892C0000008290FF0043304600023492FF621038
:10893C000000007000008290FF00433050000234B1
:10894C009EFF62100000007000008290FF00433018
:10895C0053000234A5FF62100000007000008290EA
:10896C00FF0043304C000234ACFF6210000000707A
:10897C001422400B000000700800BAAF0C00B9AF15
:10898C002501400F010019340C00B98F0300401071
:10899C000800BA8F6122400B0000007000A01E3C42
:1089AC000226C287FF0043301000B7271100F626BD
:1089BC00019D183C2145400FCC4A18371000A227C6
:1089CC000800BAAF0C00B9AFF8FFBD270400A3A78D
:1089DC001F3B400F0000A2AF0800BD270C00B98F51
:1089EC000800BA8F00A01E3C1626C2870400B98F5F
:0C89FC000000BF8F0800E0032800BD272A
:1045140003A922900600401000000070CB41023C29
:1045240033334234000082444E11400B0260004693
:0C453400066000460800E0030000007074
:1085F400FCFFBD270000BFAF950F400F00000070C7
:1086040000A01E3CBB0F400F1426C2A700A01E3CB6
:108614000826C2A72016197C0000BF8F0800E003BB
:048624000400BD276A
:103E54009D0F400BFCFFBD2705000234B80F400B3B
:103E64000000A2A708000234B80F400B0000A2A76C
:103E74002016197CF8FF401000000070201E197CE9
:103E840001000234F4FF621000000070201E197C4F
:103E940002000234F0FF621000000070201E197C42
:103EA4001E000234ECFF621000000070201E197C1A
:103EB40003000234EBFF621000000070201E197C26
:103EC40004000234E7FF621000000070201E197C19
:103ED40005000234E3FF6210000000700000A287B6
:083EE4000800E0030400BD2703
:103EEC00F8FFBD270000BFAF0400B9A72338400F6F
:103EFC000AC80000DC0F400B0400B9870100023433
:103F0C000110400B09A922A00110400B0000007009
:103F1C00020002340110400B09A922A00100023456
:103F2C000110400B06A922A0FF0002340110400B27
:103F3C0006A922A00110400B06A920A00100023402
:103F4C000110400B07A922A00110400B07A920A0CB
:103F5C000400B9A72338400F030019340110400B9B
:103F6C000400B9872016197CE4FF40100000007093
:103F7C00201E197C01000234E3FF62100000007067
:103F8C00201E197C02000234E1FF62100000007058
:103F9C00201E197C1E000234DDFF62100000007030
:103FAC00201E197C03000234DCFF6210000000703C
:103FBC00201E197C04000234DBFF6210000000702C
:103FCC00201E197C05000234DAFF6210000000701C
:103FDC00201E197C08000234D8FF6210000000700B
:103FEC00201E197C09000234D7FF621000000070FB
:103FFC00D70F400B000000702016197C0000BF8FFB
:08400C000800E0030800BD27D5
:10CD7C00E4FFBD270000BFAF0400B9AF00A01E3C0C
:10CD8C001426C28705004014000000702338400FA1
:10CD9C00050019344634400B0500023400A01E3C3B
:10CDAC001426C28701004228D600401400000070EF
:10CDBC00268F238400A01E3C1426C2870300431038
:10CDCC0000000070CF40400F0000007000A01E3C1F
:10CDDC001426C387010002340418620000A01E3C14
:10CDEC000426C2872510430000A01E3C0426C2A7BF
:10CDFC0000A01E3C1426C287268F22A400A01E3C35
:10CE0C001426C38701000234120062140000007063
:10CE1C008A21400F0000007004A922900A004014DF
:10CE2C000000007000A01E3C1026C38701000234D5
:10CE3C000418620000A01E3C0626C2872510430081
:10CE4C0000A01E3C0626C2A700A01E3C4634400B88
:10CE5C001626C28700A01E3C1426C387020002348B
:10CE6C006100621400000070D333400B00000070AE
:10CE7C0014A820C418A920E42338400F0AC80000C5
:10CE8C00EB33400B000000702338400F0AC8000041
:10CE9C000A2000002016047C0400422806004010E2
:10CEAC00000000707723400F20CE047C0100822408
:10CEBC00A833400B2026027C2501400F01001934B9
:10CECC000300401000000070B133400B00000070F4
:10CEDC0000A01E3C0226C287FF0042300800B72784
:10CEEC001400F626019D183C2145400F434A183783
:10CEFC000800A327F4FFBD270800A2A7019D023C50
:10CF0C00184C42340400A2AF1F3B400F0000A3AFEB
:10CF1C00EB33400B0C00BD272338400F0AC8000030
:10CF2C0000A01E3C0226C2870300401000000070C7
:10CF3C002338400F06001934EB33400B000000700F
:10CF4C0000A01E3C1226C287C9FF401000000070D2
:10CF5C0000A01E3C1226C38701000234C6FF6210DB
:10CF6C000000007000A01E3C1226C3870200023491
:10CF7C00C5FF62100000007000A01E3C1226C38783
:10CF8C0003000234C0FF62100000007000A01E3CC1
:10CF9C001226C38704000234DFFF62100000007009
:10CFAC000A2800002016057C040042280E004010C0
:10CFBC00000000702016057C8020020000A0023CBE
:10CFCC00202942342118440000A0023C502942344C
:10CFDC0021104400000040C4000060E40100A224C1
:10CFEC00EC33400B202E027C00A01E3C1426C38781
:10CFFC00030002340F006214000000702338400F4D
:10D00C000AC80000269022900500422C060040140D
:10D01C00000000700600023400A01E3C1626C2A7B9
:10D02C002338400F0600193400A01E3C4634400B38
:10D03C001626C28700A01E3C1426C38704000234A7
:10D04C0006006214000000702338400F0AC800006C
:10D05C0000A01E3C4634400B1626C28700A01E3C86
:10D06C001426C38706000234060062140000007008
:10D07C002338400F0AC8000000A01E3C4634400B69
:10D08C001626C28700A01E3C1426C3870700023454
:10D09C0006006214000000702338400F0AC800001C
:10D0AC0000A01E3C4634400B1626C28700A01E3C36
:10D0BC001426C387090002341200621400000070A9
:10D0CC002338400F0AC800000EA922840000422811
:10D0DC0007004014000000700EA9228408004228AA
:10D0EC0003004010000000704134400B0000007041
:10D0FC002338400F0100193400A01E3C4634400B6D
:10D10C001626C28700A01E3C1626C2870400B98FC3
:0CD11C000000BF8F0800E0031C00BD27CE
:1086280000A01E3C0626C0A70A1000000800E003B0
:0486380000000070CE
:10FCAC00FCFFBD270000BFAF289022900219020074
:10FCBC00299022900400627C299022A0FFFF4233FD
:10FCCC000300401400000070010002342A9022A4AA
:10FCDC00299022900000427C14004010000000701B
:10FCEC00299022904000427C1000401400000070CB
:10FCFC002990229002004234299022A02A9022942A
:10FD0C00010042242A9022A4FFFF4330FFFF22333C
:10FD1C002B1043000300401000000070AE30400F69
:10FD2C0000000070593F400B000000702990229099
:10FD3C000000427C080040140000007029902290C2
:10FD4C004000427C0400401000000070299022907A
:10FD5C004408027C299022A02A9022940000BF8F94
:08FD6C000800E0030400BD27BC
:10FDD800FCFFBD270400F612000000700000E0AE32
:10FDE800773F400B0400F7260800E0030400BD2716
:020000041FC01B
:10000000FCFFBD27000000700000007000000070C1
:100010000000007000000070000000700000007020
:100020000000007000000070000000700000007010
:100030000000007000000070000000700000007000
:1000400000000070000000700000007000000070F0
:100050000000007007A01D3CFCFFBD3700A0013C64
:100060000080213402601E4020E0C00307001B24F2
:1000700084497E7F02609E40C00000000008C141AC
:10008000FFFF7B27FAFF60170000007002609C40B2
:10009000C00000000000007000601B40FEFF1E2436
:1000A00024F0DB030400DE3700609E40C000000047
:1000B00000D0804000E08040C0000000009D1E3C59
:1000C0000040DC371000DE27FEFFDC17FCFFC8BF56
:1000D00000801E3C0010DC371000DE27FEFFDC171E
:1000E000FCFFC9BF0F00000000609B40C000000083
:1000F00000801E400700DE370700DE3B0300DE37CE
:1001000000809E40C000000000488040FFFF1E2489
:1001100000589E4080001C3C00689C4000801B40B2
:1001200080057C7F40E41C0000601B4058001A3CA6
:1001300024D87A0300011E3C25D8DB0325D89B0375
:1001400000609B400000007000601B40BFFF1A3C35
:10015000FFFF5A3724D87A0300609B4000601E409E
:1001600000251B3C25F0DB0300609E4000F85B444B
:10017000FFFF1E3CFCFFDE3724D87E0301007B37E7
:1001800000F8DB4400F85E44C09F023C001042349B
:100190000AF0400001789E40200002340AF040003E
:1001A00001609E40D6001E3481BF1C3C40059C3738
:1001B000019D1A3C8C3A5A3700005B8F00009BAFC0
:1001C00004005A2704009C27FBFFC017FFFFDE270F
:1001D0000010023481BF1E3C0000C2AF5476023CC6
:1001E0001032423481BF1E3C1000C2AF00000070CC
:1001F0000000007000000070000000703200023447
:100200008EBF1E3C0000C2AF0000007000000070F6
:100210000000007000000070019D1E3C2C24DE37A1
:100220000800C003000000700800E0030400BD27C0
:020000041D01DC
:1027EC00FCFFBD27FC49400B000000700400BD2716
:0827FC0018000042000000700B
:10241400FCFFBD270649400B000000700400BD27E7
:082424001800004200000070E6
:1022C800FCFFBD27B348400B000000700400BD2789
:0822D800180000420000007034
:104C40000AC8E00300A0173C0000F73600A0163C9D
:104C50000008D636019D183CB02C18372145400F6E
:104C60000000007000A0173C0020F73600A0163CA2
:104C7000C820D636019D183C834318372145400F84
:104C80000000007000A0173C0022F73600A0163C80
:104C9000C822D636019D183CBB4218372145400F2B
:104CA0000000007000A0173C0008F73600A0163C7A
:104CB0000608D636019D183C044C18372145400F94
:104CC0000000007000A0173C0808F73600A0163C52
:104CD0000C08D636019D183C244C18372145400F4E
:104CE0000000007000A0173C0608F73600A0163C34
:104CF0000808D636019D183C3E4C18372145400F18
:104D00000000007000A0173C0C08F73600A0163C0D
:104D10001708D636019D183C904B18372145400F97
:104D20000000007000A0173C1808F73600A0163CE1
:104D30001C08D636019D183C204C18372145400FE1
:104D4000000000700AF820030800E0030000007073
:104DC4000AC8E00300A0173C0000F73601A0163C17
:104DD400A8BFD636763F400F000000700AF82003C3
:084DE4000800E003000000706C
:1022E00000E85D41ECFFBD2702601E400800BEAF64
:1022F00000701E400400BEAF00601E400000BEAF74
:1023000044781E7C000C1E3400609E4012F00000D9
:102310000C00BEAF10F000001000BEAFFCFFBD27E8
:102320000000BFAF0800023481BF1E3C5400C2A3AE
:10233000349022908000427C050040140000007020
:102340005D3F400F02001934F448400B000000705C
:1023500088B122900100423488B122A088B1229035
:102360000000427C1A00401000000070269023906C
:1023700001000234060062140000007002001A34EA
:102380002D45400F0AC80000F448400B00000070C3
:1023900026902390020002340600621400000070B0
:1023A00002001A342D45400F01001934F448400B47
:1023B000000000702690239005000234040062148F
:1023C0000000007003001A342D45400F020019343C
:1023D0000000BF8F0400BD2700606041C000000006
:1023E0000800BE8F02609E400400BE8F00709E40B9
:1023F0000000BE8F00609E401000BE8F1100C00321
:102400000C00BE8F1300C0031400BD2700E8DD419F
:04241000180000426E
:020000041D00DD
:10FD7400FCFFBD270000BFAF502E400F00000070F5
:10FD8400E231400F00000070201E197C4400023450
:10FD9400190043001218000000A0023C0031423454
:10FDA40021204300200082240000438C240082246C
:10FDB4000000428C2A10620003004014000000700E
:10FDC4004C2A400F000000700000BF8F0800E003C1
:04FDD4000400BD2743
:020000041D01DC
:102B180000E85D41ECFFBD2702601E400800BEAF23
:102B280000701E400400BEAF00601E400000BEAF33
:102B380044781E7C000C1E3400609E4012F0000099
:102B48000C00BEAF10F000001000BEAFFCFFBD27A8
:102B58000000BFAF0200023481BF1E3C4600C2A382
:102B6800349022908000427C0500401400000070E0
:102B78005D3F400F03001934024B400B000000700A
:102B8800CCB1229001004234CCB122A0CCB1229029
:102B98000000427C1A00401000000070269023902C
:102BA80003000234060062140000007003001A34A7
:102BB8002D45400F0AC80000024B400B0000007072
:102BC800269023900400023406006214000000706E
:102BD80003001A342D45400F01001934024B400BF5
:102BE800000000702690239005000234040062144F
:102BF8000000007003001A342D45400F02001934FC
:102C08000000BF8F0400BD2700606041C0000000C5
:102C18000800BE8F02609E400400BE8F00709E4078
:102C28000000BE8F00609E401000BE8F1100C003E0
:102C38000C00BE8F1300C0031400BD2700E8DD415F
:042C4800180000422E
:102C4C0000E85D41F4FFBD2702601E400800BEAFE6
:102C5C0000701E400400BEAF00601E400000BEAFFE
:102C6C0044781E7C000C1E3400609E401000023420
:102C7C0081BF1E3C5400C2A300606041C000000034
:102C8C000800BE8F02609E400400BE8F00709E4004
:102C9C000000BE8F00609E400C00BD2700E8DD41A7
:042CAC0018000042CA
:1029E80000E85D41ECFFBD2702601E400800BEAF55
:1029F80000701E400400BEAF00601E400000BEAF65
:102A080044781E7C000C1E3400609E4012F00000CA
:102A18000C00BEAF10F000001000BEAFFCFFBD27D9
:102A28000000BFAF0800023481BF1E3C4700C2A3AC
:102A3800349022908000427C050040140000007011
:102A48005D3F400F0AC80000B54A400B0000007007
:102A580000B122900100423400B122A000B12290BE
:102A68000000427C1900401000000070269022905F
:102A7800060040140000007001001A342D45400F74
:102A88000AC80000B54A400B000000702690239049
:102A980001000234060062140000007002001A34BB
:102AA8002D45400F0AC80000B54A400B00000070D1
:102AB8002690239002000234040062140000007083
:102AC80002001A342D45400F010019340000BF8F51
:102AD8000400BD2700606041C00000000800BE8FF0
:102AE80002609E400400BE8F00709E400000BE8FB2
:102AF80000609E401000BE8F1100C0030C00BE8F06
:102B08001300C0031400BD2700E8DD41180000428F
:1028040000E85D41ECFFBD2702601E400800BEAF3A
:1028140000701E400400BEAF00601E400000BEAF4A
:1028240044781E7C000C1E3400609E4012F00000B0
:102834000C00BEAF10F000001000BEAFFCFFBD27BF
:102844000000BFAF1000023481BF1E3C4500C2A38C
:10285400349022908000427C0500401400000070F7
:102864005D3F400F010019343C4A400B00000070EA
:1028740044B122900100423444B122A044B12290D8
:102884000000427C19004010000000702690229045
:10289400060040140000007001001A342D45400F5A
:1028A4000AC800003C4A400B0000007026902390A8
:1028B40002000234060062140000007002001A34A0
:1028C4002D45400F010019343C4A400B00000070B4
:1028D4002690239004000234040062140000007067
:1028E40003001A342D45400F010019340000BF8F36
:1028F4000400BD2700606041C00000000800BE8FD6
:1029040002609E400400BE8F00709E400000BE8F97
:1029140000609E401000BE8F1100C0030C00BE8FEB
:102924001300C0031400BD2700E8DD411800004275
:1029340000E85D41E0FFBD270C00BEAF02601E4011
:102944000800BEAF00701E400400BEAF00601E4011
:102954000000BEAF44781E7C00101E3400609E4010
:102964001000A2AF1400A3AF12F000001800BEAF15
:1029740010F000001C00BEAFFCFFBD270000BFAF7D
:102984000100023481BF1E3C4500C2A32A3E400F11
:102994000AC800000000BF8F0400BD27006060412A
:1029A400C00000000400BE8F00709E400000BE8F77
:1029B40000609E400800BE8F02609E401400A38FFA
:1029C4001000A28F1C00BE8F1100C0031800BE8F20
:1029D4001300C0030C00BE8F2000BD2700E8DD41BA
:0429E4001800004295
:020000041D00DD
:10F8A800201E197C0C0002341900430012180000B5
:10F8B80000A0023C500F4234211043000000429047
:10F8C8004000427C0B00401400000070201E197C90
:10F8D8000C000234190043001218000000A0023C7A
:10F8E800500F423421184300000062900200423455
:0CF8F800000062A00800E00300000070A7
:020000041D01DC
:101E980000E85D41E0FFBD270C00BEAF02601E40B8
:101EA8000800BEAF00701E400400BEAF00601E40B8
:101EB8000000BEAF44781E7C00101E3400609E40B7
:101EC8001000A2AF1400A3AF12F000001800BEAFBC
:101ED80010F000001C00BEAFFCFFBD270000BFAF24
:101EE8002000023481BF1E3C4500C2A32A3E400F99
:101EF800010019340000BF8F0400BD270060604155
:101F0800C00000000400BE8F00709E400000BE8F1D
:101F180000609E400800BE8F02609E401400A38FA0
:101F28001000A28F1C00BE8F1100C0031800BE8FC6
:101F38001300C0030C00BE8F2000BD2700E8DD4160
:041F4800180000423B
:101DE40000E85D41E0FFBD270C00BEAF02601E406D
:101DF4000800BEAF00701E400400BEAF00601E406D
:101E04000000BEAF44781E7C00101E3400609E406B
:101E14001000A2AF1400A3AF12F000001800BEAF70
:101E240010F000001C00BEAFFCFFBD270000BFAFD8
:101E34008000023481BF1E3C4600C2A32A3E400FEC
:101E4400020019340000BF8F0400BD270060604108
:101E5400C00000000400BE8F00709E400000BE8FD2
:101E640000609E400800BE8F02609E401400A38F55
:101E74001000A28F1C00BE8F1100C0031800BE8F7B
:101E84001300C0030C00BE8F2000BD2700E8DD4115
:041E940018000042F0
:101F4C0000E85D41F4FFBD2702601E400800BEAFF3
:101F5C0000701E400400BEAF00601E400000BEAF0B
:101F6C0044781E7C00141E3400609E4081BF1E3CD1
:101F7C004011C28FFF0042301E8D22A081BF1E3C3B
:101F8C004011C293C000427C010040100000007060
:101F9C0081BF1E3C4011C2830000427C04004010F3
:101FAC00000000704000023481BF1E3C3811C2A3F7
:101FBC00FF00023481BF1E3C4411C2AF80000234CA
:101FCC0081BF1E3C8400C2AF00606041C0000000B5
:101FDC000800BE8F02609E400400BE8F00709E40C1
:101FEC000000BE8F00609E400C00BD2700E8DD4164
:041FFC001800004287
:1022380000E85D41ECFFBD270C00BEAF02601E4008
:102248000800BEAF00701E400400BEAF00601E4014
:102258000000BEAF44781E7C00141E3400609E400F
:102268001000A2AFFCFFBD270000BFAF0400023C76
:1022780081BF1E3C8400C2AF82BF1E3CCB3D400FD5
:102288003022D98F0000BF8F0400BD270060604155
:10229800C00000000800BE8F02609E400400BE8F90
:1022A80000709E400000BE8F00609E401000A28F0C
:1022B8000C00BE8F1400BD2700E8DD411800004265
:020000041D00DD
:10F72C00FCFFBD2782BF1E3C1124C2930000427C0B
:10F73C000300401400000070CC3D400B0000007032
:10F74C00FFFF223382BF1E3C2024C2AF0800E0031F
:04F75C000400BD27C1
:020000041D01DC
:1020680000E85D41C8FFBD270C00BEAF02601E40FE
:102078000800BEAF00701E400400BEAF00601E40E6
:102088000000BEAF44781E7C00141E3400609E40E1
:102098000800BE8F0F00DE330B001E140000007016
:1020A8001000A2AF1400A3AF1800A4AF1C00A5AF86
:1020B8002000A6AF2400B6AF2800B7AF2C00B8AFF9
:1020C8003000BAAF3400BBAFF0FFBD270000BFAF90
:1020D8000A30000081BF1E3C8010C28FFF004230D2
:1020E800178822A081BF1E3C8010C2830000427C5A
:1020F8000B004010000000700400B7270C00F62603
:10210800019D183C2145400F624B18370400A22757
:102118000AD0400000A0193CD83D400F00203937B4
:1021280081BF1E3C8010C293C000427C0600401054
:102138000000007000A0193C7E3F400F0020393796
:102148005448400B2036027C188F22842110460008
:102158002016027CF401422802004014000000709E
:10216800188F20A4188F238400A0023C240D423429
:102178002110430020DE067C00A01A3C00205A37BC
:102188000045400F0AC84000188F228421104600DD
:10219800188F22A40200C22420DE027C0AD000008C
:1021A80000A0193CBE40400F00203937FF00023420
:1021B80081BF1E3C8410C2AF4000023481BF1E3C68
:1021C8008400C2AF0000BF8F1000BD2700606041CF
:1021D800C00000000400BE8F00709E400000BE8F4B
:1021E80000609E400800BE8F02609E400F00DE33F4
:1021F8000B001E14000000703400BB8F3000BA8F33
:102208002C00B88F2800B78F2400B68F2000A68F27
:102218001C00A58F1800A48F1400A38F1000A28F94
:102228000C00BE8F3800BD2700E8DD4118000042D1
:020000041D00DD
:10F76000FCFFBD270A1820030A2060000100622464
:10F770000A2840000A184003010042270AD040002E
:10F7800000006290000082A0000082900300401000
:10F7900000000070DA3D400B0A18A0000A10200398
:08F7A0000800E0030400BD278E
:020000041D01DC
:1020000000E85D41F8FFBD2700701E400400BEAF30
:1020100000601E400000BEAF44781E7C00181E34D5
:1020200000609E40FCFFBD270000BFAF10000234DF
:1020300081BF1E3C4400C2A34C8F3E8C09F8C003F4
:10204000000000700000BF8F0400BD270400BE8F99
:1020500000709E400000BE8F00609E400800BD27BB
:0820600000E8DD411800004218
:020000041D00DD
:10F7A8003A8F2294010044243A8F24A43E8F229455
:10F7B800010042243E8F22A43C8F2294010042245F
:10F7C8003C8F22A4388F229401004224388F22A42F
:10F7D800289022900000427C010043382890229013
:10F7E8000400627C289022A0FFFF82300A00422C8D
:10F7F80008004014000000703A8F20A4289022903E
:10F808004000427C01004338289022904408627CE2
:10F81800289022A03E8F22941E00422C08004014FB
:10F82800000000703E8F20A4289022908000427C27
:10F8380001004338289022908410627C289022A0EE
:10F848003C8F22943200422C0800401400000070C3
:10F858003C8F20A428902290C000427C01004338AD
:10F8680028902290C418627C289022A0388F229475
:10F878006400422C0800401400000070388F20A457
:10F88800289022900001427C010043382890229061
:10F898000421627C289022A00800E0030000007088
:020000041D01DC
:102CB0000000000000000000000000000000000014
:102CC0000000000000000000000000000000000004
:102CD00000000000000000000000000000000000F4
:102CE00000000000000000000000000000000000E4
:102CF00000000000000000000000000000000000D4
:102D000000000000000000000000000000000000C3
:102D100000000000000000000000000000000000B3
:102D200000000000000000000000000000000000A3
:102D30000000000000000000000000000000000093
:102D40000000000000000000000000000000000083
:102D50000000000000000000000000000000000073
:102D60000000000000000000000000000000000063
:102D70000000000000000000000000000000000053
:102D80000000000000000000000000000000000043
:102D90000000000000000000000000000000000033
:102DA0000000000000000000000000000000000023
:102DB0000000000000000000000000000000000013
:102DC0000000000000000000000000000000000003
:102DD00000000000000000000000000000000000F3
:102DE00000000000000000000000000000000000E3
:102DF00000000000000000000000000000000000D3
:102E000000000000000000000000000000000000C2
:102E100000000000000000000000000000000000B2
:102E200000000000000000000000000000000000A2
:102E30000000000000000000000000000000000092
:102E40000000000000000000000000000000000082
:102E50000000000000000000000000000000000072
:102E60000000000000000000000000000000000062
:102E70000000000000000000000000000000000052
:102E80000000000000000000000000000000000042
:102E90000000000000000000000000000000000032
:102EA0000000000000000000000000000000000022
:102EB0000000000000000000000000000000000012
:102EC0000000000000000000000000000000000002
:102ED00000000000000000000000000000000000F2
:102EE00000000000000000000000000000000000E2
:102EF00000000000000000000000000000000000D2
:102F000000000000000000000000000000000000C1
:102F100000000000000000000000000000000000B1
:102F200000000000000000000000000000000000A1
:102F30000000000000000000000000000000000091
:102F40000000000000000000000000000000000081
:102F50000000000000000000000000000000000071
:102F60000000000000000000000000000000000061
:102F70000000000000000000000000000000000051
:102F80000000000000000000000000000000000041
:102F90000000000000000000000000000000000031
:102FA0000000000000000000000000000000000021
:102FB0000000000000000000000000000000000011
:102FC0000000000000000000000000000000000001
:102FD00000000000000000000000000000000000F1
:102FE00000000000000000000000000000000000E1
:102FF00000000000000000000000000000000000D1
:1030000000000000000000000000000000000000C0
:1030100000000000000000000000000000000000B0
:1030200000000000000000000000000000000000A0
:103030000000000000000000000000000000000090
:103040000000000000000000000000000000000080
:103050000000000000000000000000000000000070
:103060000000000000000000000000000000000060
:103070000000000000000000000000000000000050
:103080000000000000000000000000000000000040
:103090000000000000000000000000000000000030
:1030A0000000000000000000000000000000000020
:1030B0000000000000000000000000000000000010
:1030C0000000000000000000000000000000000000
:1030D00000000000000000000000000000000000F0
:1030E00000000000000000000000000000000000E0
:1030F00000000000000000000000000000000000D0
:1031000000000000000000000000000000000000BF
:1031100000000000000000000000000000000000AF
:10312000000000000000000000000000000000009F
:10313000000000000000000000000000000000008F
:10314000000000000000000000000000000000007F
:10315000000000000000000000000000000000006F
:10316000000000000000000000000000000000005F
:10317000000000000000000000000000000000004F
:10318000000000000000000000000000000000003F
:10319000000000000000000000000000000000002F
:1031A000000000000000000000000000000000001F
:1031B000000000000000000000000000000000000F
:1031C00000000000000000000000000000000000FF
:1031D00000000000000000000000000000000000EF
:1031E00000000000000000000000000000000000DF
:1031F00000000000000000000000000000000000CF
:1032000000000000000000000000000000000000BE
:1032100000000000000000000000000000000000AE
:10322000000000000000000000000000000000009E
:10323000000000000000000000000000000000008E
:10324000000000000000000000000000000000007E
:10325000000000000000000000000000000000006E
:10326000000000000000000000000000000000005E
:10327000000000000000000000000000000000004E
:10328000000000000000000000000000000000003E
:10329000000000000000000000000000000000002E
:1032A000000000000000000000000000000000001E
:1032B000000000000000000000000000000000000E
:1032C00000000000000000000000000000000000FE
:1032D00000000000000000000000000000000000EE
:1032E00000000000000000000000000000000000DE
:1032F00000000000000000000000000000000000CE
:1033000000000000000000000000000000000000BD
:1033100000000000000000000000000000000000AD
:10332000000000000000000000000000000000009D
:10333000000000000000000000000000000000008D
:10334000000000000000000000000000000000007D
:10335000000000000000000000000000000000006D
:10336000000000000000000000000000000000005D
:10337000000000000000000000000000000000004D
:10338000000000000000000000000000000000003D
:10339000000000000000000000000000000000002D
:1033A000000000000000000000000000000000001D
:1033B000000000000000000000000000000000000D
:1033C00000000000000000000000000000000000FD
:1033D00000000000000000000000000000000000ED
:1033E00000000000000000000000000000000000DD
:1033F00000000000000000000000000000000000CD
:1034000000000000000000000000000000000000BC
:1034100000000000000000000000000000000000AC
:10342000000000000000000000000000000000009C
:10343000000000000000000000000000000000008C
:10344000000000000000000000000000000000007C
:10345000000000000000000000000000000000006C
:10346000000000000000000000000000000000005C
:10347000000000000000000000000000000000004C
:10348000000000000000000000000000000000003C
:10349000000000000000000000000000000000002C
:1034A000000000000000000000000000000000001C
:1034B000000000000000000000000000000000000C
:1034C00000000000000000000000000000000000FC
:1034D00000000000000000000000000000000000EC
:1034E00000000000000000000000000000000000DC
:1034F00000000000000000000000000000000000CC
:1035000000000000000000000000000000000000BB
:1035100000000000000000000000000000000000AB
:10352000000000000000000000000000000000009B
:10353000000000000000000000000000000000008B
:10354000000000000000000000000000000000007B
:10355000000000000000000000000000000000006B
:10356000000000000000000000000000000000005B
:10357000000000000000000000000000000000004B
:10358000000000000000000000000000000000003B
:10359000000000000000000000000000000000002B
:1035A000000000000000000000000000000000001B
:1035B000000000000000000000000000000000000B
:1035C00000000000000000000000000000000000FB
:1035D00000000000000000000000000000000000EB
:1035E00000000000000000000000000000000000DB
:1035F00000000000000000000000000000000000CB
:1036000000000000000000000000000000000000BA
:1036100000000000000000000000000000000000AA
:10362000000000000000000000000000000000009A
:10363000000000000000000000000000000000008A
:10364000000000000000000000000000000000007A
:10365000000000000000000000000000000000006A
:10366000000000000000000000000000000000005A
:10367000000000000000000000000000000000004A
:10368000000000000000000000000000000000003A
:10369000000000000000000000000000000000002A
:1036A000000000000000000000000000000000001A
:1036B000000000000000000000000000000000000A
:1036C00000000000000000000000000000000000FA
:1036D00000000000000000000000000000000000EA
:1036E00000000000000000000000000000000000DA
:1036F00000000000000000000000000000000000CA
:1037000000000000000000000000000000000000B9
:1037100000000000000000000000000000000000A9
:103720000000000000000000000000000000000099
:103730000000000000000000000000000000000089
:103740000000000000000000000000000000000079
:103750000000000000000000000000000000000069
:103760000000000000000000000000000000000059
:103770000000000000000000000000000000000049
:103780000000000000000000000000000000000039
:103790000000000000000000000000000000000029
:1037A0000000000000000000000000000000000019
:1037B0000000000000000000000000000000000009
:1037C00000000000000000000000000000000000F9
:1037D00000000000000000000000000000000000E9
:1037E00000000000000000000000000000000000D9
:1037F00000000000000000000000000000000000C9
:1038000000000000000000000000000000000000B8
:1038100000000000000000000000000000000000A8
:103820000000000000000000000000000000000098
:103830000000000000000000000000000000000088
:103840000000000000000000000000000000000078
:103850000000000000000000000000000000000068
:103860000000000000000000000000000000000058
:103870000000000000000000000000000000000048
:103880000000000000000000000000000000000038
:103890000000000000000000000000000000000028
:1038A0000000000000000000000000000000000018
:1038B0000000000000000000000000000000000008
:1038C00000000000000000000000000000000000F8
:1038D00000000000000000000000000000000000E8
:1038E00000000000000000000000000000000000D8
:1038F00000000000000000000000000000000000C8
:1039000000000000000000000000000000000000B7
:1039100000000000000000000000000000000000A7
:103920000000000000000000000000000000000097
:103930000000000000000000000000000000000087
:103940000000000000000000000000000000000077
:103950000000000000000000000000000000000067
:103960000000000000000000000000000000000057
:103970000000000000000000000000000000000047
:103980000000000000000000000000000000000037
:103990000000000000000000000000000000000027
:1039A0000000000000000000000000000000000017
:1039B0000000000000000000000000000000000007
:1039C00000000000000000000000000000000000F7
:1039D00000000000000000000000000000000000E7
:1039E00000000000000000000000000000000000D7
:1039F00000000000000000000000000000000000C7
:103A000000000000000000000000000000000000B6
:103A100000000000000000000000000000000000A6
:103A20000000000000000000000000000000000096
:103A30000000000000000000000000000000000086
:103A40000000000000000000000000000000000076
:103A50000000000000000000000000000000000066
:103A60000000000000000000000000000000000056
:103A70000000000000000000000000000000000046
:0C3A80000000000000000000000000003A
:103A8C00E8010000E8010000E8010000E801000086
:103A9C00E0010000E8010000E8010000E80100007E
:103AAC00B0010000E8010000E8010000E80100009E
:103ABC00A8010000B8010000E8010000E8010000C6
:103ACC00E801000090010000E8010000E80100009E
:103ADC00E8010000E8010000E8010000C00100005E
:103AEC00E8010000E8010000E8010000A00100006E
:103AFC00E8010000E8010000E8010000E801000016
:103B0C00E8010000E8010000E80100008801000065
:103B1C0098010000E8010000E8010000E801000045
:103B2C00E8010000E8010000E8010000E8010000E5
:103B3C00E8010000E8010000E8010000E8010000D5
:103B4C00E8010000E8010000E8010000E8010000C5
:103B5C00E8010000E8010000E8010000E8010000B5
:103B6C00E8010000E8010000E8010000E8010000A5
:103B7C00E8010000E8010000E8010000E801000095
:103B8C00E8010000E8010000E8010000E801000085
:103B9C00E8010000E8010000E8010000E801000075
:103BAC00E8010000E8010000E8010000E801000065
:103BBC00E8010000E8010000E8010000E801000055
:103BCC00E8010000E8010000E8010000E801000045
:103BDC00E8010000E8010000E8010000E801000035
:103BEC00E8010000E8010000E8010000E801000025
:103BFC00E8010000E8010000E8010000E801000015
:103C0C00E8010000E8010000E8010000E801000004
:103C1C00E8010000E8010000E8010000E8010000F4
:103C2C00E8010000E8010000E8010000E8010000E4
:103C3C00E8010000E8010000E8010000E8010000D4
:103C4C00E8010000E8010000E8010000E8010000C4
:103C5C00E8010000E8010000E8010000E8010000B4
:103C6C00E8010000E8010000E8010000E8010000A4
:103C7C00E8010000E8010000E8010000E801000094
:103C8C00E8010000E8010000E8010000E801000084
:103C9C00E8010000E8010000D8010000C8010000A4
:103CAC00E8010000E8010000E8010000E801000064
:103CBC00E8010000E8010000E8010000E801000054
:103CCC00E8010000E8010000D0010000E80100005C
:103CDC00E8010000E8010000E8010000E801000034
:103CEC00E8010000E8010000E8010000E801000024
:103CFC00E8010000E8010000E8010000E801000014
:103D0C00E8010000E8010000E8010000E801000003
:103D1C00E8010000E8010000E8010000E8010000F3
:103D2C00E8010000E8010000E8010000E8010000E3
:103D3C00E8010000E8010000E8010000E8010000D3
:103D4C00E8010000E8010000E8010000E8010000C3
:103D5C00E8010000E8010000E8010000E8010000B3
:103D6C00E8010000E8010000E8010000E8010000A3
:103D7C00E8010000E8010000E8010000E801000093
:103D8C00E8010000E8010000E8010000E801000083
:103D9C00E8010000E8010000E8010000E801000073
:103DAC00E8010000E8010000E8010000E801000063
:103DBC00E8010000E8010000E8010000E801000053
:103DCC00E8010000E8010000E8010000E801000043
:083DDC00E8010000E80100000D
:103DE4000D0A24303D25662028782C2073746570D4
:103DF4002F6D6D290D0A24313D25662028792C204C
:103E0400737465702F6D6D290D0A24323D2566206B
:103E1400287A2C20737465702F6D6D290D0A243354
:103E24003D25642028737465702070756C73652C4F
:103E34002075736563290D0A24343D2566202864A2
:103E4400656661756C7420666565642C206D6D2FE4
:103E54006D696E290D0A24353D2566202864656642
:103E640061756C74207365656B2C206D6D2F6D69A5
:103E74006E290D0A24363D2564202873746570204C
:103E8400706F727420696E76657274206D61736BE5
:103E94002C20696E74290D0A24373D25642028736B
:103EA4007465702069646C652064656C61792C208C
:103EB4006D736563290D0A24383D256620286163E6
:103EC40063656C65726174696F6E2C206D6D2F7300
:103ED40065635E32290D0A24393D256620286A75FA
:103EE4006E6374696F6E20646576696174696F6E60
:103EF4002C206D6D290D0A2431303D256620286162
:103F040072632C206D6D2F7365676D656E74290D5A
:103F14000A2431313D256420286E2D6172632063AB
:103F24006F7272656374696F6E2C20696E74290DEB
:103F34000A2431323D256420286E2D646563696D41
:103F4400616C732C20696E74290D0A2431333D256C
:103F54006420287265706F727420696E636865737B
:103F64002C20626F6F6C290D0A2431343D256420A6
:103F7400286175746F2073746172742C20626F6F82
:103F84006C290D0A2431353D25642028696E766537
:103F94007274207374657020656E61626C652C2088
:103FA400626F6F6C290D0A2431363D256420286820
:103FB400617264206C696D6974732C20626F6F6C1C
:103FC400290D0A2431373D25642028686F6D696EF8
:103FD40067206379636C652C20626F6F6C290D0A0E
:103FE4002431383D25642028686F6D696E6720642C
:103FF400697220696E76657274206D61736B2C2012
:10400400696E743A290D0A2431393D2566202868E1
:104014006F6D696E6720666565642C206D6D2F6D0C
:10402400696E290D0A2432303D25662028686F6D9B
:10403400696E67207365656B2C206D6D2F6D696EDD
:10404400290D0A2432313D25642028686F6D696E7C
:1040540067206465626F756E63652C206D7365639C
:10406400290D0A2432323D25662028686F6D696E59
:10407400672070756C6C2D6F66662C206D6D290D34
:104084000A002424202876696577204772626C2010
:1040940073657474696E6773290D0A242320287666
:1040A400696577202320706172616D657465727330
:1040B400290D0A2447202876696577207061727378
:1040C4006572207374617465290D0A244E20287664
:1040D400696577207374617274757020626C6F63A4
:1040E4006B73290D0A24783D76616C7565202873FD
:1040F400617665204772626C2073657474696E67BB
:10410400290D0A244E783D6C696E6520287361760A
:1041140065207374617274757020626C6F636B29AF
:104124000D0A24432028636865636B2067636F640A
:1041340065206D6F6465290D0A245820286B696C0D
:104144006C20616C61726D206C6F636B290D0A24A5
:1041540048202872756E20686F6D696E67206379D8
:10416400636C65290D0A7E20286379636C6520736E
:1041740074617274290D0A212028666565642068BB
:104184006F6C64290D0A3F202863757272656E7422
:1041940020737461747573290D0A6374726C2D78BD
:1041A40020287265736574204772626C290D0A00B9
:1041B4000A20206163633A3D20256C0A202064654F
:1041C400633A3D20256C0A202073706565643A3D8E
:1041D4002025660A20206D6D53746570733A3D2066
:1041E400256C0A20206162735F6D6D537465707372
:1041F4003A3D20256C0A2020615F73715B25645D64
:104204003A3D20256C0A2020616C7068615B25644E
:104214005D3A3D2025660A2020615F745F78313065
:10422400305B25645D3A3D2025660A2020535450B6
:10423400535B617869735F4E6F5D2E6D61785F7358
:104244007465705F6C696D3A3D20256C0A202061AD
:1042540063635F6C696D3A3D20256C0A20206465B8
:10426400635F76616C3A3D20256C0A2020646563A7
:104274005F73746172743A3D20256C0A2020737454
:1042840065705F64656C61793A3D20256C0A202075
:104294006D696E5F646C793A3D20256C0A20205369
:1042A400562E6D6F64652D636F6D706C6574653A21
:1042B4003D2025640A0A0000000000000000000000
:1042C40000000000000000000000000000000000EA
:1042D40000000000000000000000000000000000DA
:1042E40000000000000000000000000000000000CA
:1042F40000000000000000000000000000000000BA
:1043040000000000000000000000000000000000A9
:104314000000000000000000000000000000000099
:104324000000000000000000000000000000000089
:104334000000000000000000000000000000000079
:104344000000000000000000000000000000000069
:104354000000000000000000000000000000000059
:104364000000000000000000000000000000000049
:104374000000000000000000000000000000000039
:104384000000000000000000000000000000000029
:104394000000000000000000000000000000000019
:1043A4000000000000000000000000000000000009
:1043B40000000000000000000000000000000000F9
:1043C40000000000000000000000000000000000E9
:1043D40000000000000000000000000000000000D9
:1043E40000000000000000000000000000000000C9
:1043F40000000000000000000000000000000000B9
:1044040000000000000000000000000000000000A8
:104414000000000000000000000000000000000098
:104424000000000000000000000000000000000088
:104434000000000000000000000000000000000078
:10444400000000000000005B7379732E73746174C4
:10445400653A3D202564205D5B686F6D655F73740C
:104464006174653A3D202564205D5B686F6D655F0E
:10447400636E743A3D2025645D0A005B25735D5BC1
:10448400617869733A3D2025645D5B636E743A3DDF
:104494002025645D0A005B25735D5B7379732E735D
:1044A400746174653A3D2025645D5B617869733A93
:1044B4003D2025645D5B636E743A3D2025645D0A8E
:1044C400005B25735D5B617869735B25645D2E68B1
:1044D4006F6D655F636E743A3D2025645D5B686F44
:1044E4006D655F73746174653A3D2025645D0A00EF
:1044F400202020205B20693A3D20256609736567EA
:104504003A3D202566205D0A202020205B206E5045
:10451400783A3D202566096E50793A3D202566207B
:104524005D0A202020205B207461725B61786973CE
:104534005F305D3A3D202566097461725B6178697C
:10454400735F315D3A3D2025665D0D0A20202020F1
:104554005B53562E6D6F64655F636F6D706C65742D
:09456400653A3D2025640D0A00B2
:0C4570000000000000000000000000003F
:10457C0000000A20205B706F735B585D3A3D20256C
:10458C006609706F735B595D3A3D20256609706F43
:10459C00735B5A5D3A3D2025665D5B7461725B58B6
:1045AC005D3A3D202566097461725B595D3A3D2088
:1045BC002566097461725B5A5D3A3D2025665D0A79
:1045CC000A000000000000000000000000000000D5
:1045DC0000000000000000000000000000000000CF
:1045EC0000000000000000000000000000000000BF
:1045FC000000617869735F613A3D2025660961624C
:10460C00735F706F73413A3D20256C096178697353
:10461C005F623A3D202566096162735F706F734279
:10462C003A3D20256C0A0074656D70413A3D202599
:10463C006C09535450535B61786973415D2E646906
:10464C0073743A3D20256C0974656D70423A3D20B7
:10465C00256C09535450535B61786973425D2E6429
:10466C006973743A3D20256C0A005B4730005B4748
:10467C0031005B4732005B4733005B47383000202A
:04468C00472564005A
:10469000204731370020473138002047313900208A
:0446A000473230006D
:1046A400204732310020473930002047393100207B
:0446B400473933004F
:1046B8002047393400204D3000204D3100204D3244
:1046C80000204D3300204D3400204D35002054206B
:1046D800256446202566002054202564462025664A
:0446E8005D0D0A005A
:1046EC006F6C645F73746174653A3D202564095383
:1046FC00562E6D6F64655F636F6D706C6574653A93
:10470C003D2025640973746570583A3D20256C0969
:10471C0073746570593A3D20256C09737465705A31
:10472C003D20256C0A00706172616D3A3D20256454
:10473C0020262076616C75653A3D2025660A00724C
:10474C00616D5F6C6F616465645F696E6469636100
:10475C00746F723A3D2025640925640925640A00AA
:0C476C00257300257300257300257300E1
:104778002573002573002573002C4D506F733A2064
:1047880025662C25662C25662C0057506F733A2019
:0C47980025662C25662C25663E0D0A00C7
:1047A4000000803FCDCCCC3D0AD7233C6F12833A26
:1047B40017B7D138ACC52737BD37863595BFD63343
:1047C40077CC2B325F708930FFE6DB2E08E53C1E88
:0447D4006042A20D90
:1047D8000000803F000020410000C84200007A44E9
:1047E80000401C460050C347002474498096184B6B
:1047F80020BCBE4C286B6E4EF9021550EC78AD60AB
:04480800CAF2497136
:10480C000100000008000000400000000002000051
:10481C0000100000008000000000040000002000D8
:10482C000000000100000008000000400000000033
:10483C002564205B25735D5B25645D0A005B256444
:10484C005D5B25735D5B25665D5B25645D0A0025FC
:0C485C0064205B25735D5B25645D0A0031
:104868006572726F723A20454550524F4D207265FD
:104878006164206661696C2E205573696E672064D7
:08488800656661756C74730034
:10489000010000000A00000064000000E8030000BE
:1048A00010270000A086010040420F00809698006B
:0848B00000E1F50500CA9A3B86
:1048B80001000000100000000001000000100000CE
:1048C80000000100000010000000000100000010BE
:1048D8006572726F723A20457870656374656420FA
:1048E800636F6D6D616E64206C65747465720065CC
:1048F80072726F723A204D6F64616C2067726F75C7
:0C490800702076696F6C6174696F6E003E
:104914006572726F723A20556E737570706F72742F
:1049240065642073746174656D656E74006572727C
:104934006F723A20496E76616C6964207374617495
:10494400656D656E74006572726F723A20426164BF
:10495400206E756D62657220666F726D617400659C
:1049640072726F723A2053657474696E6720646959
:074974007361626C656400D1
:10497C0000009643000096430000C8420000C84265
:08498C000000C8420000C8420F
:10499400063C04427D9F6A425C900142604DBB40EC
:0849A40051EC473EDE8D1FBB04
:1049AC005B272448277C2724582720746F20756E9A
:1049BC006C6F636B5D00783A3D20256609793A3D52
:0C49CC00202566097A3A3D2025660A0085
:1049D8006572726F723A2042757379206F72207116
:1049E8007565756564006572726F723A2056616C00
:0C49F8007565203C20332075736563005A
:104A04006572726F723A20496E76616C69642072C5
:104A1400616469757300486F6D6541786973282511
:104A2400662C25662C2564293B0A005B5265736558
:104A34007420746F20636F6E74696E75655D0025F4
:104A44007309617869735F776F7264733A3D2025E7
:034A5400640A00F1
:104A5800ECF34A48359595C717C1DC45FDDB6DC3B6
:044A680072B33340B2
:104A6C005B43617574696F6E3A20556E6C6F636B46
:044A7C0065645D0010
:104A8000063C0442C0598B4274044442F99B4F4196
:044A90000000803F63
:104A94006572726F723A2056616C7565203C2030E5
:104AA4002E300041626F727420647572696E6720E3
:104AB4006379636C65006572726F723A20416C6150
:084AC400726D206C6F636B0042
:104ACC00617869735F776F7264733A3D2025640A6D
:104ADC00003031323334353637383941424344456E
:104AEC0046000A4C696D69745B25645D3A3D25642A
:104AFC000D0A003031323334353637383961626360
:044B0C006465660076
:104B1000617869735F776F7264733A3D2025640A28
:014B20000094
:104B24002B3401487F9DB045E7FFD9420000803F08
:104B34000000000000000000000000000000000071
:104B4400617869732066696E6E6973686564005B79
:104B540027242720666F722068656C705D00646D81
:104B6400613020636865726965005B4469736162E2
:104B74006C65645D0048617264206C696D697400E1
:0B4B84003000000000000000000000F6
:044B90000000000021
:104B9400286E756C6C2900244E25643D25730D0A1E
:104BA400005B456E61626C65645D00257325732549
:044BB400730D0A0073
:084BB8002E204D506F733F00E9
:084BC000414C41524D3A200026
:104BC8003C5175657565003C416C61726D003C43F4
:0C4BD8006865636B002530382E336600E2
:0C4BE400312E316320004772626C20000B
:0C4BF0003C486F6C64003C49646C65003C
:064BFC003C486F6D6500EE
:044C040000000000AC
:0C4C080000003C52756E006F6B0D0A003E
:044C1400256C6400A7
:044C180041524300C2
:044C1C00256C5800AB
:044C20000000000090
:044C2400000000008C
:0C4C2800256400257500464E0046500033
:0C4C3400257000254500255800000000F8
:020000041FC01B
:10FFC0000000004312310140F9C0345C53F63F0099
:00000001FF
